Accident_ID,Date,Day_of_Week,Time,City,Vehicle_Type,Road_Condition,Weather,Light_Condition,Cause,Accident_Severity
401,17-01-2023 16:00,Friday,Morning,Kolkata,Car,Snow,Storm,Daylight,Drunk Driving,Minor
402,17-01-2023 17:00,Thursday,Night,Hyderabad,Cycle,Damaged,Rainy,Dark - Street Light,Drunk Driving,Serious
403,17-01-2023 18:00,Friday,Evening,Kolkata,Bus,Snow,Rainy,Dark - Street Light,Overspeed,Fatal
404,17-01-2023 19:00,Wednesday,Night,Pune,Auto,Snow,Storm,Dark - Street Light,Signal Jump,Minor
405,17-01-2023 20:00,Thursday,Afternoon,Pune,Bus,Wet,Storm,Dark - No Light,Drunk Driving,Minor
406,17-01-2023 21:00,Wednesday,Evening,Bangalore,Car,Dry,Rainy,Dark - No Light,Signal Jump,Minor
407,17-01-2023 22:00,Monday,Night,Mumbai,Bus,Snow,Storm,Daylight,Drunk Driving,Minor
408,17-01-2023 23:00,Monday,Night,Hyderabad,Cycle,Snow,Foggy,Daylight,Mechanical Failure,Fatal
409,18-01-2023 00:00,Thursday,Afternoon,Hyderabad,Cycle,Wet,Storm,Dark - Street Light,Mechanical Failure,Serious
410,18-01-2023 01:00,Thursday,Night,Delhi,Car,Snow,Storm,Daylight,Overspeed,Fatal
411,18-01-2023 02:00,Saturday,Night,Delhi,Truck,Dry,Storm,Daylight,Overspeed,Serious
412,18-01-2023 03:00,Friday,Afternoon,Kolkata,Bus,Wet,Rainy,Daylight,Signal Jump,Fatal
413,18-01-2023 04:00,Saturday,Evening,Hyderabad,Truck,Dry,Foggy,Daylight,Drunk Driving,Minor
414,18-01-2023 05:00,Friday,Night,Kolkata,Truck,Dry,Clear,Daylight,Wrong Turn,Minor
415,18-01-2023 06:00,Saturday,Night,Kolkata,Bike,Wet,Clear,Dark - Street Light,Overspeed,Fatal
416,18-01-2023 07:00,Wednesday,Night,Delhi,Car,Snow,Foggy,Dark - Street Light,Wrong Turn,Fatal
417,18-01-2023 08:00,Thursday,Morning,Mumbai,Auto,Dry,Foggy,Daylight,Wrong Turn,Serious
418,18-01-2023 09:00,Monday,Afternoon,Kolkata,Cycle,Dry,Foggy,Dark - Street Light,Drunk Driving,Fatal
419,18-01-2023 10:00,Friday,Morning,Chennai,Cycle,Dry,Rainy,Dark - No Light,Signal Jump,Fatal
420,18-01-2023 11:00,Friday,Afternoon,Mumbai,Car,Dry,Clear,Daylight,Drunk Driving,Serious
421,18-01-2023 12:00,Monday,Evening,Hyderabad,Auto,Wet,Foggy,Dark - No Light,Overspeed,Serious
422,18-01-2023 13:00,Saturday,Evening,Hyderabad,Cycle,Wet,Rainy,Dark - Street Light,Wrong Turn,Serious
423,18-01-2023 14:00,Friday,Night,Kolkata,Car,Damaged,Clear,Dark - Street Light,Drunk Driving,Fatal
424,18-01-2023 15:00,Sunday,Afternoon,Mumbai,Cycle,Damaged,Storm,Dark - No Light,Drunk Driving,Serious
425,18-01-2023 16:00,Wednesday,Evening,Delhi,Truck,Dry,Rainy,Dark - Street Light,Drunk Driving,Minor
426,18-01-2023 17:00,Thursday,Afternoon,Delhi,Bus,Snow,Clear,Daylight,Overspeed,Minor
427,18-01-2023 18:00,Monday,Evening,Pune,Bus,Dry,Rainy,Dark - No Light,Signal Jump,Minor
428,18-01-2023 19:00,Thursday,Morning,Hyderabad,Cycle,Snow,Clear,Daylight,Drunk Driving,Fatal
429,18-01-2023 20:00,Sunday,Evening,Bangalore,Bike,Dry,Clear,Dark - No Light,Overspeed,Minor
430,18-01-2023 21:00,Friday,Morning,Pune,Auto,Damaged,Storm,Dark - Street Light,Wrong Turn,Fatal
431,18-01-2023 22:00,Friday,Evening,Delhi,Auto,Damaged,Rainy,Dark - No Light,Mechanical Failure,Fatal
432,18-01-2023 23:00,Sunday,Night,Mumbai,Auto,Snow,Foggy,Dark - No Light,Overspeed,Minor
433,19-01-2023 00:00,Monday,Morning,Delhi,Truck,Dry,Storm,Daylight,Mechanical Failure,Serious
434,19-01-2023 01:00,Wednesday,Evening,Mumbai,Auto,Snow,Storm,Dark - Street Light,Drunk Driving,Fatal
435,19-01-2023 02:00,Tuesday,Night,Pune,Bus,Damaged,Clear,Daylight,Drunk Driving,Minor
436,19-01-2023 03:00,Monday,Morning,Hyderabad,Truck,Dry,Foggy,Dark - Street Light,Overspeed,Fatal
437,19-01-2023 04:00,Tuesday,Night,Delhi,Car,Dry,Rainy,Daylight,Mechanical Failure,Serious
438,19-01-2023 05:00,Sunday,Afternoon,Kolkata,Auto,Snow,Foggy,Dark - No Light,Drunk Driving,Serious
439,19-01-2023 06:00,Saturday,Afternoon,Mumbai,Auto,Wet,Foggy,Daylight,Wrong Turn,Minor
440,19-01-2023 07:00,Tuesday,Morning,Hyderabad,Car,Snow,Foggy,Dark - Street Light,Signal Jump,Fatal
441,19-01-2023 08:00,Wednesday,Evening,Bangalore,Auto,Damaged,Foggy,Dark - Street Light,Signal Jump,Fatal
442,19-01-2023 09:00,Saturday,Morning,Mumbai,Car,Damaged,Foggy,Dark - No Light,Drunk Driving,Fatal
443,19-01-2023 10:00,Tuesday,Night,Pune,Truck,Damaged,Clear,Dark - Street Light,Mechanical Failure,Fatal
444,19-01-2023 11:00,Sunday,Evening,Bangalore,Bus,Damaged,Clear,Daylight,Drunk Driving,Minor
445,19-01-2023 12:00,Saturday,Afternoon,Bangalore,Car,Damaged,Storm,Dark - No Light,Mechanical Failure,Serious
446,19-01-2023 13:00,Sunday,Evening,Chennai,Bike,Wet,Clear,Dark - Street Light,Wrong Turn,Minor
447,19-01-2023 14:00,Tuesday,Afternoon,Delhi,Car,Dry,Storm,Dark - Street Light,Mechanical Failure,Fatal
448,19-01-2023 15:00,Sunday,Evening,Mumbai,Auto,Snow,Storm,Daylight,Drunk Driving,Fatal
449,19-01-2023 16:00,Wednesday,Evening,Bangalore,Truck,Snow,Rainy,Daylight,Wrong Turn,Serious
450,19-01-2023 17:00,Tuesday,Evening,Chennai,Cycle,Damaged,Foggy,Dark - No Light,Overspeed,Fatal
451,19-01-2023 18:00,Tuesday,Night,Pune,Truck,Snow,Clear,Dark - Street Light,Signal Jump,Minor
452,19-01-2023 19:00,Tuesday,Night,Hyderabad,Cycle,Damaged,Rainy,Daylight,Drunk Driving,Minor
453,19-01-2023 20:00,Monday,Morning,Kolkata,Car,Wet,Clear,Dark - No Light,Drunk Driving,Serious
454,19-01-2023 21:00,Monday,Morning,Kolkata,Bus,Wet,Storm,Dark - Street Light,Drunk Driving,Minor
455,19-01-2023 22:00,Monday,Afternoon,Mumbai,Bike,Dry,Clear,Dark - Street Light,Wrong Turn,Minor
456,19-01-2023 23:00,Wednesday,Night,Bangalore,Truck,Wet,Foggy,Dark - No Light,Overspeed,Minor
457,20-01-2023 00:00,Saturday,Afternoon,Kolkata,Auto,Wet,Storm,Dark - No Light,Mechanical Failure,Minor
458,20-01-2023 01:00,Sunday,Morning,Delhi,Cycle,Dry,Storm,Daylight,Overspeed,Fatal
459,20-01-2023 02:00,Friday,Afternoon,Kolkata,Auto,Snow,Rainy,Dark - Street Light,Wrong Turn,Minor
460,20-01-2023 03:00,Tuesday,Morning,Kolkata,Bus,Damaged,Foggy,Dark - Street Light,Drunk Driving,Serious
461,20-01-2023 04:00,Sunday,Night,Kolkata,Cycle,Damaged,Storm,Dark - Street Light,Signal Jump,Serious
462,20-01-2023 05:00,Tuesday,Evening,Chennai,Truck,Snow,Foggy,Dark - No Light,Drunk Driving,Minor
463,20-01-2023 06:00,Wednesday,Night,Bangalore,Car,Dry,Clear,Daylight,Mechanical Failure,Serious
464,20-01-2023 07:00,Tuesday,Afternoon,Delhi,Auto,Snow,Foggy,Dark - Street Light,Signal Jump,Minor
465,20-01-2023 08:00,Monday,Afternoon,Bangalore,Bus,Wet,Storm,Dark - No Light,Drunk Driving,Serious
466,20-01-2023 09:00,Friday,Night,Mumbai,Truck,Dry,Rainy,Dark - Street Light,Signal Jump,Serious
467,20-01-2023 10:00,Thursday,Night,Mumbai,Truck,Dry,Storm,Daylight,Overspeed,Minor
468,20-01-2023 11:00,Tuesday,Morning,Mumbai,Truck,Dry,Foggy,Dark - Street Light,Wrong Turn,Minor
469,20-01-2023 12:00,Sunday,Afternoon,Pune,Truck,Damaged,Foggy,Daylight,Drunk Driving,Fatal
470,20-01-2023 13:00,Monday,Afternoon,Kolkata,Cycle,Snow,Storm,Daylight,Mechanical Failure,Minor
471,20-01-2023 14:00,Thursday,Night,Pune,Truck,Dry,Foggy,Dark - Street Light,Overspeed,Minor
472,20-01-2023 15:00,Friday,Evening,Chennai,Auto,Dry,Clear,Dark - Street Light,Drunk Driving,Fatal
473,20-01-2023 16:00,Thursday,Afternoon,Mumbai,Bus,Dry,Storm,Daylight,Overspeed,Minor
474,20-01-2023 17:00,Monday,Evening,Delhi,Cycle,Snow,Rainy,Dark - No Light,Mechanical Failure,Minor
475,20-01-2023 18:00,Saturday,Night,Bangalore,Truck,Damaged,Storm,Daylight,Drunk Driving,Fatal
476,20-01-2023 19:00,Saturday,Night,Kolkata,Bike,Wet,Clear,Dark - Street Light,Mechanical Failure,Minor
477,20-01-2023 20:00,Thursday,Morning,Hyderabad,Bike,Damaged,Clear,Dark - Street Light,Signal Jump,Minor
478,20-01-2023 21:00,Wednesday,Afternoon,Delhi,Bus,Dry,Clear,Dark - No Light,Mechanical Failure,Fatal
479,20-01-2023 22:00,Sunday,Evening,Kolkata,Car,Damaged,Clear,Daylight,Signal Jump,Fatal
480,20-01-2023 23:00,Sunday,Morning,Pune,Car,Damaged,Clear,Daylight,Drunk Driving,Serious
481,21-01-2023 00:00,Thursday,Afternoon,Pune,Cycle,Wet,Rainy,Daylight,Signal Jump,Minor
482,21-01-2023 01:00,Tuesday,Morning,Delhi,Cycle,Snow,Foggy,Dark - Street Light,Drunk Driving,Serious
483,21-01-2023 02:00,Tuesday,Night,Pune,Cycle,Snow,Clear,Daylight,Drunk Driving,Serious
484,21-01-2023 03:00,Sunday,Afternoon,Mumbai,Car,Damaged,Clear,Dark - No Light,Wrong Turn,Fatal
485,21-01-2023 04:00,Sunday,Morning,Chennai,Bike,Damaged,Storm,Dark - Street Light,Drunk Driving,Minor
486,21-01-2023 05:00,Saturday,Morning,Bangalore,Car,Snow,Rainy,Dark - Street Light,Signal Jump,Minor
487,21-01-2023 06:00,Wednesday,Evening,Chennai,Auto,Snow,Rainy,Daylight,Wrong Turn,Fatal
488,21-01-2023 07:00,Monday,Morning,Kolkata,Truck,Wet,Foggy,Dark - No Light,Wrong Turn,Serious
489,21-01-2023 08:00,Tuesday,Afternoon,Bangalore,Cycle,Dry,Rainy,Dark - Street Light,Drunk Driving,Fatal
490,21-01-2023 09:00,Sunday,Afternoon,Bangalore,Bike,Damaged,Storm,Dark - Street Light,Mechanical Failure,Minor
491,21-01-2023 10:00,Saturday,Evening,Chennai,Bus,Snow,Storm,Daylight,Mechanical Failure,Fatal
492,21-01-2023 11:00,Friday,Afternoon,Delhi,Bus,Damaged,Foggy,Daylight,Wrong Turn,Minor
493,21-01-2023 12:00,Saturday,Night,Bangalore,Truck,Damaged,Storm,Dark - No Light,Drunk Driving,Serious
494,21-01-2023 13:00,Tuesday,Afternoon,Chennai,Bike,Snow,Clear,Daylight,Mechanical Failure,Minor
495,21-01-2023 14:00,Tuesday,Afternoon,Bangalore,Car,Wet,Clear,Dark - No Light,Drunk Driving,Serious
496,21-01-2023 15:00,Saturday,Morning,Hyderabad,Car,Damaged,Storm,Dark - Street Light,Drunk Driving,Serious
497,21-01-2023 16:00,Monday,Morning,Delhi,Auto,Wet,Foggy,Dark - No Light,Wrong Turn,Minor
498,21-01-2023 17:00,Thursday,Afternoon,Mumbai,Auto,Snow,Rainy,Dark - No Light,Wrong Turn,Minor
499,21-01-2023 18:00,Tuesday,Evening,Bangalore,Car,Dry,Foggy,Dark - No Light,Overspeed,Serious
500,21-01-2023 19:00,Saturday,Morning,Hyderabad,Bus,Dry,Rainy,Dark - Street Light,Mechanical Failure,Fatal
501,21-01-2023 20:00,Sunday,Evening,Mumbai,Cycle,Damaged,Storm,Daylight,Mechanical Failure,Minor
502,21-01-2023 21:00,Saturday,Afternoon,Mumbai,Bus,Snow,Storm,Dark - Street Light,Mechanical Failure,Serious
503,21-01-2023 22:00,Wednesday,Afternoon,Kolkata,Auto,Wet,Clear,Daylight,Signal Jump,Serious
504,21-01-2023 23:00,Thursday,Night,Bangalore,Truck,Damaged,Rainy,Dark - No Light,Drunk Driving,Fatal
505,22-01-2023 00:00,Friday,Morning,Chennai,Car,Snow,Foggy,Dark - No Light,Wrong Turn,Minor
506,22-01-2023 01:00,Monday,Afternoon,Bangalore,Auto,Snow,Storm,Dark - No Light,Mechanical Failure,Serious
507,22-01-2023 02:00,Friday,Night,Hyderabad,Auto,Wet,Foggy,Dark - No Light,Overspeed,Fatal
508,22-01-2023 03:00,Thursday,Morning,Mumbai,Cycle,Damaged,Clear,Dark - No Light,Mechanical Failure,Serious
509,22-01-2023 04:00,Thursday,Afternoon,Bangalore,Car,Snow,Rainy,Daylight,Drunk Driving,Minor
510,22-01-2023 05:00,Thursday,Afternoon,Chennai,Cycle,Snow,Rainy,Daylight,Drunk Driving,Fatal
511,22-01-2023 06:00,Friday,Morning,Kolkata,Car,Snow,Storm,Dark - No Light,Wrong Turn,Serious
512,22-01-2023 07:00,Sunday,Morning,Bangalore,Cycle,Wet,Rainy,Dark - Street Light,Signal Jump,Fatal
513,22-01-2023 08:00,Thursday,Morning,Delhi,Bus,Damaged,Storm,Dark - Street Light,Wrong Turn,Minor
514,22-01-2023 09:00,Saturday,Afternoon,Kolkata,Truck,Damaged,Clear,Dark - No Light,Mechanical Failure,Fatal
515,22-01-2023 10:00,Friday,Afternoon,Chennai,Truck,Damaged,Rainy,Daylight,Overspeed,Minor
516,22-01-2023 11:00,Thursday,Night,Hyderabad,Car,Damaged,Storm,Dark - Street Light,Wrong Turn,Serious
517,22-01-2023 12:00,Saturday,Evening,Mumbai,Bike,Dry,Foggy,Dark - Street Light,Signal Jump,Minor
518,22-01-2023 13:00,Sunday,Morning,Bangalore,Auto,Dry,Storm,Dark - Street Light,Wrong Turn,Serious
519,22-01-2023 14:00,Wednesday,Afternoon,Chennai,Auto,Damaged,Rainy,Dark - No Light,Drunk Driving,Serious
520,22-01-2023 15:00,Sunday,Afternoon,Kolkata,Car,Wet,Clear,Dark - Street Light,Mechanical Failure,Minor
521,22-01-2023 16:00,Thursday,Morning,Delhi,Cycle,Dry,Rainy,Dark - Street Light,Mechanical Failure,Serious
522,22-01-2023 17:00,Friday,Evening,Chennai,Bike,Snow,Rainy,Dark - Street Light,Mechanical Failure,Fatal
523,22-01-2023 18:00,Tuesday,Morning,Pune,Bus,Dry,Storm,Dark - Street Light,Mechanical Failure,Serious
524,22-01-2023 19:00,Thursday,Evening,Delhi,Cycle,Snow,Foggy,Daylight,Mechanical Failure,Minor
525,22-01-2023 20:00,Tuesday,Afternoon,Kolkata,Cycle,Damaged,Rainy,Dark - No Light,Mechanical Failure,Fatal
526,22-01-2023 21:00,Saturday,Evening,Hyderabad,Car,Dry,Foggy,Dark - No Light,Overspeed,Fatal
527,22-01-2023 22:00,Wednesday,Night,Mumbai,Car,Wet,Storm,Daylight,Signal Jump,Serious
528,22-01-2023 23:00,Monday,Afternoon,Kolkata,Auto,Dry,Foggy,Daylight,Mechanical Failure,Serious
529,23-01-2023 00:00,Sunday,Night,Hyderabad,Car,Dry,Storm,Dark - No Light,Signal Jump,Minor
530,23-01-2023 01:00,Wednesday,Morning,Bangalore,Car,Dry,Clear,Dark - Street Light,Mechanical Failure,Fatal
531,23-01-2023 02:00,Thursday,Morning,Chennai,Car,Damaged,Foggy,Dark - Street Light,Wrong Turn,Minor
532,23-01-2023 03:00,Tuesday,Morning,Pune,Auto,Wet,Foggy,Dark - No Light,Mechanical Failure,Serious
533,23-01-2023 04:00,Sunday,Evening,Delhi,Bus,Dry,Clear,Dark - Street Light,Drunk Driving,Fatal
534,23-01-2023 05:00,Tuesday,Afternoon,Delhi,Bus,Wet,Foggy,Daylight,Overspeed,Minor
535,23-01-2023 06:00,Friday,Morning,Chennai,Car,Damaged,Clear,Dark - Street Light,Wrong Turn,Minor
536,23-01-2023 07:00,Tuesday,Morning,Pune,Auto,Snow,Rainy,Dark - Street Light,Wrong Turn,Minor
537,23-01-2023 08:00,Friday,Afternoon,Chennai,Bus,Dry,Storm,Dark - Street Light,Drunk Driving,Minor
538,23-01-2023 09:00,Saturday,Morning,Bangalore,Cycle,Wet,Clear,Dark - No Light,Mechanical Failure,Minor
539,23-01-2023 10:00,Sunday,Night,Hyderabad,Bus,Wet,Foggy,Daylight,Overspeed,Fatal
540,23-01-2023 11:00,Sunday,Afternoon,Kolkata,Bus,Damaged,Clear,Dark - Street Light,Wrong Turn,Minor
541,23-01-2023 12:00,Monday,Afternoon,Delhi,Auto,Dry,Foggy,Dark - No Light,Overspeed,Fatal
542,23-01-2023 13:00,Thursday,Afternoon,Bangalore,Cycle,Snow,Rainy,Dark - Street Light,Wrong Turn,Minor
543,23-01-2023 14:00,Friday,Night,Hyderabad,Auto,Wet,Clear,Daylight,Mechanical Failure,Serious
544,23-01-2023 15:00,Monday,Afternoon,Bangalore,Car,Dry,Rainy,Dark - Street Light,Wrong Turn,Serious
545,23-01-2023 16:00,Tuesday,Night,Pune,Truck,Snow,Storm,Daylight,Wrong Turn,Minor
546,23-01-2023 17:00,Tuesday,Afternoon,Delhi,Bus,Wet,Foggy,Dark - Street Light,Signal Jump,Serious
547,23-01-2023 18:00,Monday,Evening,Kolkata,Truck,Wet,Foggy,Daylight,Mechanical Failure,Fatal
548,23-01-2023 19:00,Sunday,Morning,Chennai,Auto,Snow,Rainy,Dark - Street Light,Drunk Driving,Minor
549,23-01-2023 20:00,Tuesday,Evening,Chennai,Auto,Snow,Storm,Daylight,Drunk Driving,Fatal
550,23-01-2023 21:00,Saturday,Morning,Hyderabad,Auto,Damaged,Clear,Dark - Street Light,Mechanical Failure,Minor
551,23-01-2023 22:00,Saturday,Night,Kolkata,Truck,Dry,Clear,Dark - Street Light,Drunk Driving,Serious
552,23-01-2023 23:00,Monday,Evening,Mumbai,Auto,Dry,Foggy,Dark - No Light,Mechanical Failure,Fatal
553,24-01-2023 00:00,Friday,Afternoon,Pune,Car,Damaged,Rainy,Dark - No Light,Drunk Driving,Serious
554,24-01-2023 01:00,Friday,Morning,Hyderabad,Auto,Wet,Rainy,Daylight,Signal Jump,Serious
555,24-01-2023 02:00,Monday,Morning,Mumbai,Bike,Snow,Clear,Dark - Street Light,Drunk Driving,Minor
556,24-01-2023 03:00,Friday,Evening,Bangalore,Truck,Snow,Storm,Daylight,Wrong Turn,Fatal
557,24-01-2023 04:00,Sunday,Night,Pune,Bike,Snow,Storm,Dark - No Light,Mechanical Failure,Serious
558,24-01-2023 05:00,Sunday,Evening,Bangalore,Auto,Wet,Clear,Daylight,Overspeed,Minor
559,24-01-2023 06:00,Friday,Night,Kolkata,Car,Snow,Clear,Daylight,Overspeed,Minor
560,24-01-2023 07:00,Saturday,Night,Delhi,Bus,Snow,Rainy,Dark - No Light,Mechanical Failure,Minor
561,24-01-2023 08:00,Friday,Morning,Pune,Cycle,Damaged,Storm,Dark - Street Light,Signal Jump,Serious
562,24-01-2023 09:00,Sunday,Evening,Mumbai,Cycle,Wet,Clear,Daylight,Drunk Driving,Minor
563,24-01-2023 10:00,Wednesday,Evening,Delhi,Auto,Dry,Clear,Dark - No Light,Signal Jump,Fatal
564,24-01-2023 11:00,Thursday,Night,Chennai,Car,Damaged,Foggy,Dark - Street Light,Overspeed,Fatal
565,24-01-2023 12:00,Tuesday,Evening,Mumbai,Truck,Damaged,Clear,Dark - No Light,Mechanical Failure,Serious
566,24-01-2023 13:00,Wednesday,Afternoon,Hyderabad,Bike,Dry,Clear,Daylight,Mechanical Failure,Fatal
567,24-01-2023 14:00,Friday,Afternoon,Chennai,Bike,Damaged,Storm,Dark - Street Light,Signal Jump,Minor
568,24-01-2023 15:00,Saturday,Evening,Chennai,Bike,Wet,Rainy,Dark - Street Light,Signal Jump,Serious
569,24-01-2023 16:00,Monday,Evening,Hyderabad,Truck,Snow,Storm,Dark - No Light,Drunk Driving,Minor
570,24-01-2023 17:00,Friday,Night,Pune,Cycle,Wet,Rainy,Dark - No Light,Wrong Turn,Serious
571,24-01-2023 18:00,Saturday,Afternoon,Chennai,Car,Dry,Foggy,Dark - No Light,Wrong Turn,Serious
572,24-01-2023 19:00,Thursday,Afternoon,Kolkata,Truck,Dry,Clear,Dark - Street Light,Drunk Driving,Minor
573,24-01-2023 20:00,Friday,Morning,Mumbai,Bike,Damaged,Foggy,Dark - Street Light,Wrong Turn,Fatal
574,24-01-2023 21:00,Sunday,Night,Delhi,Auto,Wet,Rainy,Daylight,Overspeed,Fatal
575,24-01-2023 22:00,Monday,Morning,Chennai,Bus,Wet,Storm,Dark - Street Light,Wrong Turn,Serious
576,24-01-2023 23:00,Saturday,Afternoon,Mumbai,Truck,Dry,Storm,Daylight,Drunk Driving,Minor
577,25-01-2023 00:00,Saturday,Night,Bangalore,Truck,Wet,Foggy,Dark - No Light,Wrong Turn,Minor
578,25-01-2023 01:00,Saturday,Evening,Mumbai,Car,Dry,Rainy,Dark - No Light,Mechanical Failure,Serious
579,25-01-2023 02:00,Thursday,Night,Delhi,Car,Wet,Foggy,Dark - Street Light,Signal Jump,Fatal
580,25-01-2023 03:00,Friday,Evening,Mumbai,Truck,Wet,Foggy,Dark - No Light,Overspeed,Minor
581,25-01-2023 04:00,Thursday,Evening,Hyderabad,Bike,Wet,Clear,Dark - No Light,Mechanical Failure,Fatal
582,25-01-2023 05:00,Tuesday,Night,Delhi,Bus,Dry,Foggy,Dark - Street Light,Mechanical Failure,Fatal
583,25-01-2023 06:00,Tuesday,Evening,Pune,Car,Damaged,Clear,Daylight,Drunk Driving,Serious
584,25-01-2023 07:00,Friday,Morning,Bangalore,Bike,Wet,Clear,Dark - Street Light,Signal Jump,Serious
585,25-01-2023 08:00,Sunday,Afternoon,Hyderabad,Auto,Dry,Storm,Daylight,Signal Jump,Fatal
586,25-01-2023 09:00,Thursday,Evening,Pune,Car,Dry,Clear,Dark - Street Light,Overspeed,Minor
587,25-01-2023 10:00,Monday,Morning,Mumbai,Bike,Wet,Clear,Dark - Street Light,Drunk Driving,Minor
588,25-01-2023 11:00,Saturday,Evening,Delhi,Bike,Wet,Storm,Dark - No Light,Overspeed,Serious
589,25-01-2023 12:00,Saturday,Afternoon,Bangalore,Bus,Damaged,Foggy,Dark - Street Light,Wrong Turn,Fatal
590,25-01-2023 13:00,Friday,Morning,Hyderabad,Bus,Dry,Rainy,Dark - Street Light,Mechanical Failure,Minor
591,25-01-2023 14:00,Sunday,Afternoon,Pune,Auto,Dry,Rainy,Daylight,Overspeed,Minor
592,25-01-2023 15:00,Tuesday,Afternoon,Pune,Bike,Snow,Rainy,Dark - No Light,Mechanical Failure,Serious
593,25-01-2023 16:00,Tuesday,Morning,Bangalore,Cycle,Dry,Foggy,Daylight,Drunk Driving,Fatal
594,25-01-2023 17:00,Saturday,Morning,Kolkata,Bike,Damaged,Clear,Daylight,Wrong Turn,Minor
595,25-01-2023 18:00,Friday,Morning,Mumbai,Bus,Snow,Rainy,Dark - No Light,Drunk Driving,Serious
596,25-01-2023 19:00,Thursday,Night,Bangalore,Cycle,Snow,Foggy,Dark - No Light,Wrong Turn,Minor
597,25-01-2023 20:00,Tuesday,Morning,Pune,Car,Snow,Clear,Dark - No Light,Wrong Turn,Minor
598,25-01-2023 21:00,Thursday,Morning,Chennai,Car,Wet,Storm,Dark - Street Light,Mechanical Failure,Minor
599,25-01-2023 22:00,Sunday,Morning,Hyderabad,Truck,Wet,Rainy,Dark - No Light,Drunk Driving,Serious