Accident_ID,Date,Day_of_Week,Time,City,Vehicle_Type,Road_Condition,Weather,Light_Condition,Cause,Accident_Severity
600,25-01-2023 23:00,Tuesday,Morning,Bangalore,Bus,Dry,Clear,Dark - No Light,Drunk Driving,Fatal
601,26-01-2023 00:00,Tuesday,Evening,Kolkata,Truck,Snow,Rainy,Dark - No Light,Overspeed,Serious
602,26-01-2023 01:00,Wednesday,Night,Pune,Cycle,Damaged,Rainy,Daylight,Drunk Driving,Fatal
603,26-01-2023 02:00,Tuesday,Afternoon,Mumbai,Bus,Wet,Rainy,Daylight,Overspeed,Minor
604,26-01-2023 03:00,Monday,Morning,Pune,Auto,Damaged,Clear,Dark - Street Light,Signal Jump,Fatal
605,26-01-2023 04:00,Friday,Evening,Mumbai,Bike,Damaged,Foggy,Daylight,Signal Jump,Minor
606,26-01-2023 05:00,Friday,Evening,Bangalore,Auto,Wet,Clear,Dark - Street Light,Signal Jump,Minor
607,26-01-2023 06:00,Thursday,Evening,Mumbai,Cycle,Wet,Rainy,Daylight,Drunk Driving,Serious
608,26-01-2023 07:00,Sunday,Afternoon,Delhi,Bus,Wet,Clear,Dark - No Light,Drunk Driving,Minor
609,26-01-2023 08:00,Tuesday,Morning,Delhi,Cycle,Wet,Storm,Daylight,Overspeed,Serious
610,26-01-2023 09:00,Monday,Night,Delhi,Bike,Snow,Foggy,Dark - Street Light,Wrong Turn,Fatal
611,26-01-2023 10:00,Thursday,Night,Kolkata,Car,Snow,Clear,Daylight,Overspeed,Fatal
612,26-01-2023 11:00,Wednesday,Evening,Kolkata,Car,Snow,Storm,Dark - No Light,Signal Jump,Minor
613,26-01-2023 12:00,Thursday,Afternoon,Chennai,Cycle,Snow,Foggy,Dark - Street Light,Overspeed,Serious
614,26-01-2023 13:00,Thursday,Afternoon,Kolkata,Truck,Dry,Storm,Dark - No Light,Wrong Turn,Minor
615,26-01-2023 14:00,Tuesday,Afternoon,Bangalore,Bus,Snow,Foggy,Dark - No Light,Drunk Driving,Serious
616,26-01-2023 15:00,Wednesday,Night,Pune,Bus,Wet,Clear,Dark - Street Light,Overspeed,Serious
617,26-01-2023 16:00,Thursday,Evening,Pune,Car,Damaged,Storm,Dark - No Light,Signal Jump,Serious
618,26-01-2023 17:00,Monday,Morning,Chennai,Auto,Snow,Rainy,Dark - No Light,Signal Jump,Fatal
619,26-01-2023 18:00,Monday,Night,Kolkata,Bike,Dry,Storm,Daylight,Drunk Driving,Serious
620,26-01-2023 19:00,Friday,Evening,Mumbai,Auto,Wet,Foggy,Dark - No Light,Overspeed,Fatal
621,26-01-2023 20:00,Wednesday,Evening,Chennai,Auto,Damaged,Clear,Dark - No Light,Wrong Turn,Serious
622,26-01-2023 21:00,Wednesday,Morning,Mumbai,Cycle,Damaged,Foggy,Dark - No Light,Drunk Driving,Fatal
623,26-01-2023 22:00,Friday,Morning,Mumbai,Car,Snow,Storm,Dark - No Light,Overspeed,Fatal
624,26-01-2023 23:00,Thursday,Morning,Hyderabad,Car,Damaged,Storm,Dark - Street Light,Mechanical Failure,Fatal
625,27-01-2023 00:00,Wednesday,Afternoon,Pune,Car,Snow,Rainy,Daylight,Signal Jump,Minor
626,27-01-2023 01:00,Monday,Morning,Delhi,Cycle,Snow,Clear,Dark - No Light,Wrong Turn,Serious
627,27-01-2023 02:00,Monday,Evening,Kolkata,Truck,Wet,Clear,Dark - No Light,Wrong Turn,Minor
628,27-01-2023 03:00,Tuesday,Morning,Mumbai,Auto,Wet,Storm,Dark - Street Light,Wrong Turn,Serious
629,27-01-2023 04:00,Wednesday,Evening,Hyderabad,Cycle,Dry,Clear,Dark - No Light,Signal Jump,Serious
630,27-01-2023 05:00,Thursday,Night,Pune,Bus,Wet,Rainy,Dark - Street Light,Overspeed,Minor
631,27-01-2023 06:00,Friday,Afternoon,Delhi,Bike,Wet,Foggy,Daylight,Drunk Driving,Fatal
632,27-01-2023 07:00,Friday,Night,Mumbai,Truck,Snow,Clear,Daylight,Overspeed,Serious
633,27-01-2023 08:00,Thursday,Night,Mumbai,Bus,Wet,Storm,Dark - No Light,Drunk Driving,Fatal
634,27-01-2023 09:00,Sunday,Evening,Chennai,Auto,Snow,Foggy,Dark - No Light,Wrong Turn,Minor
635,27-01-2023 10:00,Saturday,Night,Chennai,Car,Snow,Foggy,Dark - No Light,Overspeed,Fatal
636,27-01-2023 11:00,Tuesday,Evening,Pune,Auto,Wet,Rainy,Dark - Street Light,Wrong Turn,Serious
637,27-01-2023 12:00,Friday,Morning,Delhi,Cycle,Dry,Storm,Dark - No Light,Mechanical Failure,Serious
638,27-01-2023 13:00,Wednesday,Morning,Mumbai,Bike,Dry,Clear,Dark - No Light,Wrong Turn,Serious
639,27-01-2023 14:00,Tuesday,Evening,Pune,Cycle,Damaged,Storm,Daylight,Wrong Turn,Minor
640,27-01-2023 15:00,Wednesday,Morning,Pune,Truck,Damaged,Foggy,Dark - No Light,Drunk Driving,Serious
641,27-01-2023 16:00,Sunday,Afternoon,Bangalore,Truck,Wet,Storm,Daylight,Mechanical Failure,Minor
642,27-01-2023 17:00,Monday,Night,Kolkata,Bike,Dry,Clear,Dark - No Light,Wrong Turn,Fatal
643,27-01-2023 18:00,Tuesday,Afternoon,Chennai,Bus,Snow,Clear,Daylight,Wrong Turn,Serious
644,27-01-2023 19:00,Friday,Night,Delhi,Bus,Damaged,Rainy,Dark - No Light,Mechanical Failure,Serious
645,27-01-2023 20:00,Tuesday,Morning,Mumbai,Truck,Snow,Clear,Daylight,Mechanical Failure,Serious
646,27-01-2023 21:00,Tuesday,Afternoon,Pune,Truck,Damaged,Clear,Dark - Street Light,Overspeed,Fatal
647,27-01-2023 22:00,Tuesday,Morning,Mumbai,Car,Wet,Storm,Daylight,Drunk Driving,Serious
648,27-01-2023 23:00,Saturday,Night,Bangalore,Bus,Dry,Storm,Daylight,Mechanical Failure,Minor
649,28-01-2023 00:00,Tuesday,Evening,Delhi,Bike,Damaged,Foggy,Daylight,Mechanical Failure,Fatal
650,28-01-2023 01:00,Wednesday,Evening,Pune,Bus,Dry,Rainy,Dark - No Light,Signal Jump,Fatal
651,28-01-2023 02:00,Monday,Afternoon,Mumbai,Car,Snow,Storm,Dark - No Light,Mechanical Failure,Fatal
652,28-01-2023 03:00,Sunday,Morning,Chennai,Cycle,Wet,Clear,Dark - No Light,Drunk Driving,Fatal
653,28-01-2023 04:00,Thursday,Morning,Kolkata,Truck,Dry,Foggy,Dark - Street Light,Wrong Turn,Fatal
654,28-01-2023 05:00,Tuesday,Afternoon,Bangalore,Truck,Wet,Storm,Dark - Street Light,Wrong Turn,Minor
655,28-01-2023 06:00,Friday,Evening,Delhi,Car,Dry,Rainy,Daylight,Wrong Turn,Fatal
656,28-01-2023 07:00,Tuesday,Night,Bangalore,Bike,Snow,Rainy,Dark - Street Light,Wrong Turn,Serious
657,28-01-2023 08:00,Friday,Afternoon,Chennai,Truck,Snow,Foggy,Daylight,Signal Jump,Fatal
658,28-01-2023 09:00,Wednesday,Night,Delhi,Auto,Wet,Foggy,Daylight,Mechanical Failure,Fatal
659,28-01-2023 10:00,Friday,Evening,Bangalore,Truck,Snow,Foggy,Daylight,Wrong Turn,Fatal
660,28-01-2023 11:00,Thursday,Morning,Hyderabad,Auto,Damaged,Foggy,Dark - Street Light,Overspeed,Fatal
661,28-01-2023 12:00,Monday,Evening,Chennai,Car,Dry,Foggy,Dark - No Light,Wrong Turn,Fatal
662,28-01-2023 13:00,Friday,Afternoon,Chennai,Car,Snow,Clear,Dark - Street Light,Mechanical Failure,Minor
663,28-01-2023 14:00,Friday,Morning,Chennai,Truck,Damaged,Clear,Daylight,Wrong Turn,Minor
664,28-01-2023 15:00,Monday,Afternoon,Hyderabad,Bus,Wet,Storm,Daylight,Signal Jump,Fatal
665,28-01-2023 16:00,Thursday,Afternoon,Hyderabad,Auto,Damaged,Rainy,Dark - Street Light,Drunk Driving,Minor
666,28-01-2023 17:00,Tuesday,Evening,Mumbai,Bike,Wet,Clear,Daylight,Drunk Driving,Serious
667,28-01-2023 18:00,Friday,Afternoon,Pune,Truck,Wet,Clear,Daylight,Mechanical Failure,Fatal
668,28-01-2023 19:00,Monday,Evening,Kolkata,Bike,Dry,Clear,Dark - Street Light,Drunk Driving,Serious
669,28-01-2023 20:00,Wednesday,Morning,Bangalore,Truck,Dry,Storm,Dark - Street Light,Drunk Driving,Serious
670,28-01-2023 21:00,Monday,Evening,Mumbai,Bus,Damaged,Foggy,Dark - Street Light,Overspeed,Fatal
671,28-01-2023 22:00,Wednesday,Morning,Bangalore,Bus,Dry,Storm,Daylight,Mechanical Failure,Serious
672,28-01-2023 23:00,Thursday,Evening,Kolkata,Bus,Dry,Rainy,Daylight,Mechanical Failure,Serious
673,29-01-2023 00:00,Tuesday,Night,Pune,Cycle,Dry,Rainy,Dark - No Light,Drunk Driving,Serious
674,29-01-2023 01:00,Monday,Night,Hyderabad,Bus,Damaged,Rainy,Dark - No Light,Drunk Driving,Fatal
675,29-01-2023 02:00,Sunday,Afternoon,Pune,Car,Snow,Rainy,Dark - Street Light,Drunk Driving,Fatal
676,29-01-2023 03:00,Sunday,Evening,Hyderabad,Car,Dry,Clear,Dark - No Light,Signal Jump,Serious
677,29-01-2023 04:00,Saturday,Evening,Kolkata,Cycle,Dry,Clear,Daylight,Wrong Turn,Fatal
678,29-01-2023 05:00,Friday,Morning,Pune,Auto,Damaged,Storm,Dark - No Light,Signal Jump,Fatal
679,29-01-2023 06:00,Thursday,Afternoon,Mumbai,Bike,Snow,Foggy,Daylight,Mechanical Failure,Serious
680,29-01-2023 07:00,Monday,Evening,Delhi,Truck,Dry,Rainy,Dark - Street Light,Overspeed,Fatal
681,29-01-2023 08:00,Sunday,Afternoon,Mumbai,Truck,Wet,Storm,Dark - Street Light,Wrong Turn,Minor
682,29-01-2023 09:00,Friday,Night,Bangalore,Cycle,Damaged,Clear,Daylight,Overspeed,Fatal
683,29-01-2023 10:00,Sunday,Evening,Mumbai,Car,Dry,Clear,Dark - No Light,Mechanical Failure,Minor
684,29-01-2023 11:00,Monday,Evening,Kolkata,Truck,Dry,Foggy,Dark - Street Light,Mechanical Failure,Serious
685,29-01-2023 12:00,Wednesday,Afternoon,Chennai,Car,Wet,Foggy,Dark - Street Light,Overspeed,Fatal
686,29-01-2023 13:00,Monday,Evening,Bangalore,Auto,Wet,Foggy,Dark - No Light,Overspeed,Serious
687,29-01-2023 14:00,Saturday,Afternoon,Pune,Bike,Damaged,Storm,Dark - No Light,Overspeed,Serious
688,29-01-2023 15:00,Monday,Evening,Bangalore,Auto,Damaged,Clear,Daylight,Mechanical Failure,Serious
689,29-01-2023 16:00,Monday,Morning,Delhi,Cycle,Wet,Clear,Dark - No Light,Drunk Driving,Serious
690,29-01-2023 17:00,Saturday,Afternoon,Hyderabad,Bus,Damaged,Foggy,Dark - No Light,Overspeed,Serious
691,29-01-2023 18:00,Thursday,Evening,Pune,Bus,Wet,Rainy,Dark - No Light,Wrong Turn,Fatal
692,29-01-2023 19:00,Monday,Night,Bangalore,Bus,Dry,Foggy,Daylight,Mechanical Failure,Minor
693,29-01-2023 20:00,Saturday,Evening,Pune,Auto,Wet,Storm,Daylight,Signal Jump,Fatal
694,29-01-2023 21:00,Friday,Night,Pune,Truck,Wet,Foggy,Dark - Street Light,Signal Jump,Fatal
695,29-01-2023 22:00,Wednesday,Night,Pune,Bike,Snow,Foggy,Daylight,Wrong Turn,Fatal
696,29-01-2023 23:00,Wednesday,Morning,Hyderabad,Bus,Wet,Storm,Dark - Street Light,Drunk Driving,Fatal
697,30-01-2023 00:00,Monday,Afternoon,Kolkata,Cycle,Wet,Foggy,Dark - No Light,Overspeed,Minor
698,30-01-2023 01:00,Thursday,Evening,Mumbai,Cycle,Snow,Clear,Dark - Street Light,Mechanical Failure,Fatal
699,30-01-2023 02:00,Thursday,Morning,Pune,Bus,Damaged,Rainy,Dark - Street Light,Overspeed,Serious
700,30-01-2023 03:00,Friday,Evening,Chennai,Bus,Snow,Foggy,Dark - No Light,Mechanical Failure,Fatal
701,30-01-2023 04:00,Monday,Night,Kolkata,Bike,Dry,Storm,Dark - Street Light,Signal Jump,Fatal
702,30-01-2023 05:00,Wednesday,Afternoon,Delhi,Bus,Snow,Rainy,Daylight,Overspeed,Minor
703,30-01-2023 06:00,Thursday,Evening,Hyderabad,Bike,Dry,Storm,Daylight,Wrong Turn,Minor
704,30-01-2023 07:00,Monday,Evening,Bangalore,Cycle,Damaged,Rainy,Daylight,Drunk Driving,Serious
705,30-01-2023 08:00,Sunday,Night,Hyderabad,Bus,Snow,Rainy,Daylight,Wrong Turn,Fatal
706,30-01-2023 09:00,Thursday,Evening,Bangalore,Auto,Snow,Foggy,Dark - Street Light,Drunk Driving,Fatal
707,30-01-2023 10:00,Saturday,Evening,Hyderabad,Auto,Damaged,Clear,Dark - Street Light,Overspeed,Fatal
708,30-01-2023 11:00,Sunday,Night,Bangalore,Cycle,Dry,Foggy,Dark - No Light,Overspeed,Serious
709,30-01-2023 12:00,Thursday,Morning,Pune,Bike,Snow,Storm,Dark - Street Light,Drunk Driving,Minor
710,30-01-2023 13:00,Wednesday,Night,Mumbai,Auto,Dry,Storm,Dark - Street Light,Signal Jump,Serious
711,30-01-2023 14:00,Tuesday,Morning,Bangalore,Bike,Snow,Rainy,Dark - Street Light,Mechanical Failure,Fatal
712,30-01-2023 15:00,Sunday,Afternoon,Bangalore,Auto,Wet,Rainy,Dark - No Light,Wrong Turn,Minor
713,30-01-2023 16:00,Friday,Morning,Chennai,Auto,Snow,Clear,Daylight,Wrong Turn,Minor
714,30-01-2023 17:00,Friday,Morning,Bangalore,Bike,Damaged,Foggy,Dark - Street Light,Wrong Turn,Serious
715,30-01-2023 18:00,Wednesday,Afternoon,Chennai,Truck,Damaged,Storm,Dark - No Light,Overspeed,Minor
716,30-01-2023 19:00,Thursday,Morning,Delhi,Auto,Dry,Rainy,Dark - No Light,Wrong Turn,Minor
717,30-01-2023 20:00,Monday,Night,Pune,Bus,Snow,Clear,Dark - No Light,Mechanical Failure,Fatal
718,30-01-2023 21:00,Thursday,Morning,Chennai,Cycle,Dry,Storm,Daylight,Mechanical Failure,Fatal
719,30-01-2023 22:00,Wednesday,Afternoon,Mumbai,Truck,Dry,Rainy,Dark - Street Light,Drunk Driving,Minor
720,30-01-2023 23:00,Friday,Night,Kolkata,Bike,Wet,Storm,Dark - No Light,Overspeed,Minor
721,31-01-2023 00:00,Thursday,Afternoon,Pune,Truck,Wet,Clear,Daylight,Mechanical Failure,Serious
722,31-01-2023 01:00,Friday,Afternoon,Chennai,Car,Damaged,Clear,Dark - No Light,Signal Jump,Serious
723,31-01-2023 02:00,Sunday,Evening,Pune,Car,Dry,Storm,Dark - No Light,Overspeed,Minor
724,31-01-2023 03:00,Monday,Evening,Pune,Auto,Damaged,Foggy,Dark - No Light,Overspeed,Fatal
725,31-01-2023 04:00,Sunday,Afternoon,Pune,Auto,Snow,Storm,Dark - No Light,Mechanical Failure,Minor
726,31-01-2023 05:00,Friday,Afternoon,Delhi,Bus,Dry,Rainy,Dark - No Light,Signal Jump,Minor
727,31-01-2023 06:00,Friday,Afternoon,Mumbai,Cycle,Dry,Foggy,Daylight,Drunk Driving,Fatal
728,31-01-2023 07:00,Tuesday,Evening,Hyderabad,Truck,Snow,Rainy,Dark - Street Light,Mechanical Failure,Fatal
729,31-01-2023 08:00,Tuesday,Evening,Hyderabad,Car,Snow,Storm,Dark - Street Light,Signal Jump,Serious
730,31-01-2023 09:00,Sunday,Morning,Chennai,Auto,Damaged,Foggy,Dark - Street Light,Overspeed,Serious
731,31-01-2023 10:00,Saturday,Morning,Pune,Cycle,Damaged,Rainy,Dark - Street Light,Signal Jump,Serious
732,31-01-2023 11:00,Sunday,Afternoon,Chennai,Truck,Snow,Storm,Daylight,Overspeed,Serious
733,31-01-2023 12:00,Tuesday,Night,Delhi,Auto,Damaged,Storm,Daylight,Mechanical Failure,Fatal
734,31-01-2023 13:00,Friday,Night,Delhi,Auto,Snow,Foggy,Daylight,Mechanical Failure,Minor
735,31-01-2023 14:00,Wednesday,Evening,Bangalore,Car,Dry,Storm,Dark - No Light,Wrong Turn,Serious
736,31-01-2023 15:00,Sunday,Evening,Delhi,Car,Dry,Clear,Dark - No Light,Wrong Turn,Serious
737,31-01-2023 16:00,Friday,Evening,Bangalore,Auto,Wet,Rainy,Dark - No Light,Wrong Turn,Fatal
738,31-01-2023 17:00,Wednesday,Afternoon,Mumbai,Bike,Dry,Rainy,Dark - Street Light,Mechanical Failure,Fatal
739,31-01-2023 18:00,Wednesday,Night,Chennai,Auto,Snow,Storm,Dark - No Light,Drunk Driving,Minor
740,31-01-2023 19:00,Tuesday,Morning,Kolkata,Cycle,Damaged,Storm,Dark - Street Light,Mechanical Failure,Minor
741,31-01-2023 20:00,Sunday,Afternoon,Mumbai,Auto,Wet,Clear,Dark - No Light,Signal Jump,Fatal
742,31-01-2023 21:00,Thursday,Morning,Delhi,Bus,Damaged,Foggy,Dark - Street Light,Mechanical Failure,Serious
743,31-01-2023 22:00,Monday,Morning,Mumbai,Bus,Snow,Storm,Dark - No Light,Mechanical Failure,Serious
744,31-01-2023 23:00,Tuesday,Afternoon,Mumbai,Bus,Dry,Storm,Dark - No Light,Overspeed,Serious
745,01-02-2023 00:00,Tuesday,Morning,Mumbai,Bike,Wet,Storm,Daylight,Overspeed,Minor
746,01-02-2023 01:00,Thursday,Night,Delhi,Bike,Snow,Storm,Dark - No Light,Overspeed,Serious
747,01-02-2023 02:00,Monday,Morning,Kolkata,Auto,Wet,Rainy,Dark - No Light,Mechanical Failure,Serious
748,01-02-2023 03:00,Friday,Night,Pune,Bus,Wet,Storm,Daylight,Drunk Driving,Fatal
749,01-02-2023 04:00,Saturday,Night,Mumbai,Bike,Dry,Rainy,Dark - Street Light,Signal Jump,Serious
750,01-02-2023 05:00,Sunday,Night,Bangalore,Car,Snow,Storm,Daylight,Signal Jump,Fatal
751,01-02-2023 06:00,Saturday,Evening,Delhi,Auto,Damaged,Foggy,Daylight,Drunk Driving,Serious
752,01-02-2023 07:00,Friday,Morning,Mumbai,Cycle,Wet,Clear,Dark - Street Light,Drunk Driving,Minor
753,01-02-2023 08:00,Tuesday,Afternoon,Kolkata,Truck,Wet,Foggy,Dark - No Light,Signal Jump,Serious
754,01-02-2023 09:00,Monday,Afternoon,Pune,Auto,Damaged,Storm,Dark - Street Light,Wrong Turn,Serious
755,01-02-2023 10:00,Tuesday,Morning,Delhi,Truck,Snow,Storm,Dark - No Light,Overspeed,Fatal
756,01-02-2023 11:00,Wednesday,Evening,Hyderabad,Bus,Wet,Storm,Dark - No Light,Overspeed,Fatal
757,01-02-2023 12:00,Tuesday,Evening,Pune,Truck,Wet,Foggy,Dark - Street Light,Signal Jump,Fatal
758,01-02-2023 13:00,Tuesday,Night,Bangalore,Bus,Wet,Storm,Daylight,Drunk Driving,Serious
759,01-02-2023 14:00,Friday,Morning,Mumbai,Car,Snow,Foggy,Dark - Street Light,Wrong Turn,Serious
760,01-02-2023 15:00,Friday,Morning,Kolkata,Truck,Snow,Rainy,Dark - No Light,Signal Jump,Minor
761,01-02-2023 16:00,Friday,Afternoon,Hyderabad,Auto,Damaged,Clear,Dark - Street Light,Overspeed,Serious
762,01-02-2023 17:00,Saturday,Morning,Kolkata,Bus,Snow,Clear,Dark - Street Light,Mechanical Failure,Minor
763,01-02-2023 18:00,Wednesday,Evening,Hyderabad,Auto,Snow,Foggy,Dark - No Light,Drunk Driving,Fatal
764,01-02-2023 19:00,Friday,Morning,Delhi,Bike,Dry,Rainy,Daylight,Mechanical Failure,Fatal
765,01-02-2023 20:00,Monday,Afternoon,Hyderabad,Bus,Damaged,Foggy,Dark - Street Light,Signal Jump,Fatal
766,01-02-2023 21:00,Saturday,Night,Bangalore,Truck,Wet,Rainy,Dark - No Light,Overspeed,Minor
767,01-02-2023 22:00,Thursday,Afternoon,Bangalore,Bus,Snow,Storm,Dark - No Light,Wrong Turn,Serious
768,01-02-2023 23:00,Monday,Afternoon,Chennai,Auto,Wet,Rainy,Dark - Street Light,Mechanical Failure,Fatal
769,02-02-2023 00:00,Sunday,Night,Bangalore,Car,Wet,Rainy,Daylight,Wrong Turn,Serious
770,02-02-2023 01:00,Sunday,Afternoon,Pune,Bus,Dry,Rainy,Dark - Street Light,Overspeed,Serious
771,02-02-2023 02:00,Monday,Afternoon,Hyderabad,Truck,Snow,Clear,Daylight,Mechanical Failure,Fatal
772,02-02-2023 03:00,Friday,Morning,Bangalore,Bike,Damaged,Rainy,Daylight,Wrong Turn,Minor
773,02-02-2023 04:00,Thursday,Morning,Delhi,Cycle,Snow,Storm,Daylight,Wrong Turn,Serious
774,02-02-2023 05:00,Thursday,Night,Kolkata,Car,Wet,Storm,Daylight,Mechanical Failure,Fatal
775,02-02-2023 06:00,Saturday,Morning,Kolkata,Bike,Damaged,Storm,Dark - Street Light,Overspeed,Serious
776,02-02-2023 07:00,Thursday,Morning,Chennai,Bus,Snow,Rainy,Dark - No Light,Wrong Turn,Serious
777,02-02-2023 08:00,Sunday,Afternoon,Kolkata,Auto,Wet,Foggy,Dark - No Light,Signal Jump,Serious
778,02-02-2023 09:00,Wednesday,Evening,Hyderabad,Auto,Wet,Foggy,Dark - No Light,Mechanical Failure,Serious
779,02-02-2023 10:00,Friday,Morning,Chennai,Truck,Dry,Storm,Dark - No Light,Drunk Driving,Serious
780,02-02-2023 11:00,Thursday,Evening,Hyderabad,Auto,Dry,Clear,Dark - No Light,Drunk Driving,Minor
781,02-02-2023 12:00,Saturday,Morning,Delhi,Car,Dry,Foggy,Dark - No Light,Overspeed,Minor
782,02-02-2023 13:00,Sunday,Morning,Chennai,Auto,Wet,Rainy,Dark - Street Light,Signal Jump,Fatal
783,02-02-2023 14:00,Wednesday,Night,Mumbai,Truck,Snow,Foggy,Daylight,Wrong Turn,Minor
784,02-02-2023 15:00,Tuesday,Night,Pune,Cycle,Dry,Storm,Dark - No Light,Drunk Driving,Minor
785,02-02-2023 16:00,Tuesday,Night,Pune,Bus,Snow,Clear,Dark - Street Light,Overspeed,Minor
786,02-02-2023 17:00,Wednesday,Evening,Hyderabad,Bus,Dry,Foggy,Dark - No Light,Signal Jump,Serious
787,02-02-2023 18:00,Sunday,Afternoon,Kolkata,Auto,Damaged,Foggy,Dark - No Light,Signal Jump,Serious
788,02-02-2023 19:00,Saturday,Morning,Mumbai,Bike,Damaged,Storm,Daylight,Overspeed,Fatal
789,02-02-2023 20:00,Wednesday,Morning,Chennai,Bus,Dry,Clear,Daylight,Overspeed,Fatal
790,02-02-2023 21:00,Friday,Morning,Mumbai,Cycle,Wet,Clear,Daylight,Wrong Turn,Fatal
791,02-02-2023 22:00,Friday,Evening,Mumbai,Auto,Dry,Storm,Dark - No Light,Overspeed,Serious
792,02-02-2023 23:00,Tuesday,Night,Kolkata,Truck,Dry,Rainy,Dark - No Light,Wrong Turn,Minor
793,03-02-2023 00:00,Thursday,Afternoon,Chennai,Cycle,Wet,Foggy,Dark - No Light,Wrong Turn,Minor
794,03-02-2023 01:00,Saturday,Evening,Delhi,Auto,Damaged,Rainy,Daylight,Mechanical Failure,Serious
795,03-02-2023 02:00,Tuesday,Night,Kolkata,Cycle,Snow,Foggy,Dark - Street Light,Signal Jump,Fatal
796,03-02-2023 03:00,Thursday,Evening,Mumbai,Bus,Dry,Foggy,Dark - No Light,Signal Jump,Fatal
797,03-02-2023 04:00,Thursday,Afternoon,Mumbai,Truck,Wet,Rainy,Dark - No Light,Signal Jump,Fatal
798,03-02-2023 05:00,Friday,Night,Delhi,Auto,Dry,Storm,Dark - No Light,Mechanical Failure,Serious
799,03-02-2023 06:00,Sunday,Evening,Mumbai,Car,Wet,Storm,Dark - Street Light,Wrong Turn,Fatal
800,03-02-2023 07:00,Monday,Afternoon,Mumbai,Truck,Snow,Foggy,Dark - No Light,Wrong Turn,Fatal