Accident_ID,Date,Day_of_Week,Time,City,Vehicle_Type,Road_Condition,Weather,Light_Condition,Cause,Accident_Severity
801,03-02-2023 08:00,Sunday,Morning,Mumbai,Car,Snow,Storm,Dark - Street Light,Overspeed,Serious
802,03-02-2023 09:00,Monday,Afternoon,Pune,Cycle,Damaged,Foggy,Dark - No Light,Mechanical Failure,Minor
803,03-02-2023 10:00,Wednesday,Morning,Kolkata,Bike,Wet,Storm,Dark - Street Light,Overspeed,Serious
804,03-02-2023 11:00,Friday,Evening,Bangalore,Truck,Wet,Foggy,Dark - No Light,Mechanical Failure,Serious
805,03-02-2023 12:00,Thursday,Night,Kolkata,Cycle,Damaged,Storm,Daylight,Overspeed,Serious
806,03-02-2023 13:00,Saturday,Night,Delhi,Car,Damaged,Clear,Daylight,Drunk Driving,Serious
807,03-02-2023 14:00,Monday,Evening,Mumbai,Bus,Wet,Rainy,Daylight,Signal Jump,Minor
808,03-02-2023 15:00,Sunday,Night,Kolkata,Bus,Damaged,Clear,Daylight,Signal Jump,Fatal
809,03-02-2023 16:00,Thursday,Night,Pune,Bike,Snow,Rainy,Dark - No Light,Wrong Turn,Serious
810,03-02-2023 17:00,Monday,Morning,Delhi,Truck,Dry,Rainy,Daylight,Drunk Driving,Minor
811,03-02-2023 18:00,Monday,Evening,Hyderabad,Truck,Snow,Foggy,Dark - Street Light,Signal Jump,Fatal
812,03-02-2023 19:00,Monday,Afternoon,Kolkata,Truck,Damaged,Rainy,Daylight,Wrong Turn,Fatal
813,03-02-2023 20:00,Saturday,Morning,Hyderabad,Cycle,Wet,Clear,Daylight,Drunk Driving,Fatal
814,03-02-2023 21:00,Friday,Evening,Mumbai,Bike,Wet,Clear,Daylight,Signal Jump,Serious
815,03-02-2023 22:00,Saturday,Morning,Pune,Truck,Snow,Storm,Dark - No Light,Overspeed,Serious
816,03-02-2023 23:00,Tuesday,Afternoon,Pune,Cycle,Wet,Clear,Daylight,Mechanical Failure,Fatal
817,04-02-2023 00:00,Thursday,Afternoon,Kolkata,Bus,Damaged,Storm,Dark - Street Light,Drunk Driving,Fatal
818,04-02-2023 01:00,Friday,Evening,Delhi,Car,Snow,Rainy,Daylight,Wrong Turn,Fatal
819,04-02-2023 02:00,Friday,Afternoon,Delhi,Cycle,Wet,Clear,Daylight,Drunk Driving,Fatal
820,04-02-2023 03:00,Friday,Morning,Pune,Bus,Dry,Rainy,Daylight,Wrong Turn,Fatal
821,04-02-2023 04:00,Sunday,Afternoon,Delhi,Bus,Dry,Clear,Dark - Street Light,Drunk Driving,Fatal
822,04-02-2023 05:00,Friday,Morning,Pune,Car,Damaged,Clear,Daylight,Wrong Turn,Minor
823,04-02-2023 06:00,Saturday,Morning,Kolkata,Bus,Wet,Storm,Dark - Street Light,Signal Jump,Fatal
824,04-02-2023 07:00,Friday,Afternoon,Bangalore,Bike,Damaged,Rainy,Dark - Street Light,Overspeed,Serious
825,04-02-2023 08:00,Wednesday,Evening,Pune,Car,Snow,Clear,Daylight,Signal Jump,Serious
826,04-02-2023 09:00,Thursday,Night,Hyderabad,Bus,Dry,Foggy,Dark - Street Light,Overspeed,Serious
827,04-02-2023 10:00,Friday,Afternoon,Delhi,Auto,Snow,Rainy,Dark - No Light,Signal Jump,Fatal
828,04-02-2023 11:00,Thursday,Morning,Pune,Cycle,Wet,Rainy,Daylight,Signal Jump,Serious
829,04-02-2023 12:00,Wednesday,Morning,Pune,Bus,Damaged,Rainy,Daylight,Drunk Driving,Minor
830,04-02-2023 13:00,Wednesday,Afternoon,Kolkata,Bike,Damaged,Storm,Dark - Street Light,Mechanical Failure,Fatal
831,04-02-2023 14:00,Thursday,Evening,Delhi,Truck,Damaged,Foggy,Dark - Street Light,Wrong Turn,Serious
832,04-02-2023 15:00,Monday,Evening,Bangalore,Bus,Snow,Rainy,Daylight,Wrong Turn,Minor
833,04-02-2023 16:00,Tuesday,Morning,Kolkata,Truck,Dry,Clear,Dark - No Light,Wrong Turn,Minor
834,04-02-2023 17:00,Sunday,Morning,Bangalore,Auto,Snow,Clear,Dark - Street Light,Overspeed,Serious
835,04-02-2023 18:00,Monday,Evening,Kolkata,Bus,Snow,Storm,Dark - Street Light,Wrong Turn,Minor
836,04-02-2023 19:00,Monday,Night,Delhi,Car,Wet,Clear,Dark - No Light,Wrong Turn,Serious
837,04-02-2023 20:00,Saturday,Afternoon,Chennai,Truck,Wet,Rainy,Dark - No Light,Drunk Driving,Minor
838,04-02-2023 21:00,Sunday,Morning,Delhi,Auto,Wet,Clear,Daylight,Signal Jump,Fatal
839,04-02-2023 22:00,Sunday,Morning,Delhi,Car,Dry,Rainy,Dark - No Light,Wrong Turn,Fatal
840,04-02-2023 23:00,Monday,Evening,Bangalore,Car,Dry,Clear,Daylight,Mechanical Failure,Fatal
841,05-02-2023 00:00,Friday,Afternoon,Bangalore,Car,Wet,Foggy,Dark - No Light,Wrong Turn,Fatal
842,05-02-2023 01:00,Saturday,Evening,Delhi,Car,Wet,Storm,Dark - Street Light,Overspeed,Fatal
843,05-02-2023 02:00,Saturday,Afternoon,Delhi,Bus,Dry,Storm,Daylight,Overspeed,Serious
844,05-02-2023 03:00,Wednesday,Afternoon,Delhi,Cycle,Damaged,Foggy,Daylight,Overspeed,Fatal
845,05-02-2023 04:00,Sunday,Afternoon,Bangalore,Bus,Dry,Foggy,Daylight,Wrong Turn,Fatal
846,05-02-2023 05:00,Monday,Morning,Delhi,Bus,Dry,Storm,Dark - No Light,Drunk Driving,Fatal
847,05-02-2023 06:00,Wednesday,Night,Delhi,Auto,Dry,Foggy,Dark - Street Light,Mechanical Failure,Fatal
848,05-02-2023 07:00,Thursday,Evening,Mumbai,Auto,Wet,Rainy,Daylight,Wrong Turn,Minor
849,05-02-2023 08:00,Tuesday,Night,Chennai,Cycle,Damaged,Clear,Daylight,Drunk Driving,Fatal
850,05-02-2023 09:00,Saturday,Evening,Hyderabad,Auto,Dry,Storm,Daylight,Drunk Driving,Fatal
851,05-02-2023 10:00,Thursday,Afternoon,Chennai,Bike,Wet,Foggy,Daylight,Wrong Turn,Serious
852,05-02-2023 11:00,Thursday,Morning,Mumbai,Cycle,Snow,Rainy,Dark - Street Light,Wrong Turn,Minor
853,05-02-2023 12:00,Friday,Night,Hyderabad,Auto,Snow,Storm,Dark - No Light,Drunk Driving,Serious
854,05-02-2023 13:00,Tuesday,Morning,Kolkata,Cycle,Dry,Foggy,Dark - Street Light,Drunk Driving,Fatal
855,05-02-2023 14:00,Thursday,Evening,Delhi,Bus,Snow,Storm,Daylight,Drunk Driving,Serious
856,05-02-2023 15:00,Thursday,Morning,Mumbai,Bus,Damaged,Foggy,Dark - Street Light,Wrong Turn,Serious
857,05-02-2023 16:00,Tuesday,Morning,Kolkata,Cycle,Snow,Storm,Daylight,Drunk Driving,Fatal
858,05-02-2023 17:00,Tuesday,Night,Delhi,Bike,Snow,Rainy,Dark - No Light,Overspeed,Minor
859,05-02-2023 18:00,Thursday,Afternoon,Bangalore,Bike,Damaged,Rainy,Dark - No Light,Wrong Turn,Minor
860,05-02-2023 19:00,Tuesday,Morning,Pune,Cycle,Dry,Clear,Dark - No Light,Overspeed,Serious
861,05-02-2023 20:00,Thursday,Afternoon,Mumbai,Auto,Dry,Storm,Daylight,Signal Jump,Fatal
862,05-02-2023 21:00,Thursday,Evening,Bangalore,Truck,Damaged,Clear,Dark - Street Light,Wrong Turn,Serious
863,05-02-2023 22:00,Friday,Morning,Mumbai,Bike,Damaged,Storm,Dark - No Light,Signal Jump,Serious
864,05-02-2023 23:00,Monday,Night,Mumbai,Car,Damaged,Foggy,Daylight,Drunk Driving,Serious
865,06-02-2023 00:00,Thursday,Evening,Bangalore,Bus,Snow,Foggy,Daylight,Drunk Driving,Fatal
866,06-02-2023 01:00,Wednesday,Evening,Hyderabad,Cycle,Damaged,Clear,Dark - Street Light,Mechanical Failure,Fatal
867,06-02-2023 02:00,Saturday,Night,Chennai,Car,Wet,Storm,Dark - No Light,Drunk Driving,Minor
868,06-02-2023 03:00,Sunday,Morning,Delhi,Cycle,Snow,Clear,Daylight,Signal Jump,Fatal
869,06-02-2023 04:00,Monday,Morning,Mumbai,Bus,Dry,Rainy,Dark - Street Light,Drunk Driving,Serious
870,06-02-2023 05:00,Monday,Evening,Delhi,Bus,Dry,Clear,Dark - No Light,Wrong Turn,Serious
871,06-02-2023 06:00,Monday,Morning,Pune,Bike,Dry,Clear,Dark - Street Light,Drunk Driving,Minor
872,06-02-2023 07:00,Friday,Afternoon,Bangalore,Bike,Snow,Foggy,Dark - Street Light,Mechanical Failure,Fatal
873,06-02-2023 08:00,Thursday,Night,Delhi,Car,Wet,Clear,Daylight,Drunk Driving,Serious
874,06-02-2023 09:00,Friday,Afternoon,Bangalore,Cycle,Damaged,Storm,Daylight,Signal Jump,Minor
875,06-02-2023 10:00,Thursday,Morning,Delhi,Bus,Damaged,Foggy,Daylight,Signal Jump,Minor
876,06-02-2023 11:00,Friday,Evening,Chennai,Car,Dry,Clear,Dark - Street Light,Drunk Driving,Serious
877,06-02-2023 12:00,Friday,Night,Chennai,Truck,Dry,Rainy,Daylight,Signal Jump,Serious
878,06-02-2023 13:00,Saturday,Morning,Chennai,Car,Snow,Clear,Dark - Street Light,Signal Jump,Fatal
879,06-02-2023 14:00,Wednesday,Morning,Chennai,Auto,Wet,Clear,Dark - Street Light,Mechanical Failure,Minor
880,06-02-2023 15:00,Friday,Evening,Chennai,Car,Damaged,Clear,Daylight,Wrong Turn,Serious
881,06-02-2023 16:00,Saturday,Evening,Chennai,Auto,Snow,Foggy,Dark - No Light,Mechanical Failure,Minor
882,06-02-2023 17:00,Tuesday,Afternoon,Bangalore,Auto,Damaged,Storm,Dark - No Light,Overspeed,Fatal
883,06-02-2023 18:00,Wednesday,Night,Mumbai,Auto,Dry,Rainy,Dark - No Light,Mechanical Failure,Serious
884,06-02-2023 19:00,Friday,Night,Delhi,Truck,Damaged,Clear,Dark - Street Light,Drunk Driving,Fatal
885,06-02-2023 20:00,Sunday,Evening,Chennai,Car,Wet,Storm,Dark - Street Light,Wrong Turn,Minor
886,06-02-2023 21:00,Monday,Afternoon,Bangalore,Car,Wet,Storm,Dark - Street Light,Drunk Driving,Fatal
887,06-02-2023 22:00,Tuesday,Night,Bangalore,Truck,Dry,Foggy,Daylight,Overspeed,Fatal
888,06-02-2023 23:00,Tuesday,Evening,Bangalore,Bus,Wet,Rainy,Dark - Street Light,Wrong Turn,Minor
889,07-02-2023 00:00,Saturday,Morning,Mumbai,Bike,Wet,Foggy,Daylight,Signal Jump,Fatal
890,07-02-2023 01:00,Tuesday,Night,Delhi,Car,Snow,Storm,Daylight,Mechanical Failure,Minor
891,07-02-2023 02:00,Wednesday,Afternoon,Mumbai,Bike,Damaged,Storm,Dark - No Light,Drunk Driving,Serious
892,07-02-2023 03:00,Friday,Afternoon,Hyderabad,Cycle,Dry,Storm,Dark - No Light,Overspeed,Minor
893,07-02-2023 04:00,Friday,Afternoon,Kolkata,Cycle,Dry,Foggy,Dark - No Light,Signal Jump,Minor
894,07-02-2023 05:00,Sunday,Morning,Bangalore,Truck,Dry,Rainy,Daylight,Mechanical Failure,Serious
895,07-02-2023 06:00,Monday,Night,Hyderabad,Cycle,Dry,Clear,Daylight,Signal Jump,Minor
896,07-02-2023 07:00,Saturday,Night,Pune,Cycle,Dry,Foggy,Daylight,Mechanical Failure,Serious
897,07-02-2023 08:00,Monday,Morning,Chennai,Bus,Wet,Storm,Dark - Street Light,Wrong Turn,Serious
898,07-02-2023 09:00,Tuesday,Night,Kolkata,Bus,Snow,Foggy,Daylight,Signal Jump,Minor
899,07-02-2023 10:00,Sunday,Morning,Chennai,Bus,Dry,Storm,Dark - No Light,Signal Jump,Fatal
900,07-02-2023 11:00,Monday,Morning,Mumbai,Cycle,Snow,Clear,Dark - No Light,Signal Jump,Fatal
901,07-02-2023 12:00,Wednesday,Morning,Kolkata,Truck,Snow,Clear,Daylight,Wrong Turn,Serious
902,07-02-2023 13:00,Friday,Afternoon,Delhi,Auto,Wet,Rainy,Daylight,Overspeed,Fatal
903,07-02-2023 14:00,Tuesday,Night,Hyderabad,Auto,Dry,Storm,Dark - No Light,Mechanical Failure,Fatal
904,07-02-2023 15:00,Sunday,Morning,Delhi,Bike,Wet,Rainy,Daylight,Signal Jump,Minor
905,07-02-2023 16:00,Monday,Night,Mumbai,Auto,Dry,Rainy,Dark - No Light,Wrong Turn,Serious
906,07-02-2023 17:00,Saturday,Afternoon,Chennai,Auto,Wet,Clear,Dark - Street Light,Overspeed,Serious
907,07-02-2023 18:00,Wednesday,Morning,Kolkata,Bus,Snow,Foggy,Dark - No Light,Mechanical Failure,Minor
908,07-02-2023 19:00,Wednesday,Evening,Delhi,Bus,Dry,Foggy,Dark - Street Light,Wrong Turn,Fatal
909,07-02-2023 20:00,Monday,Afternoon,Delhi,Cycle,Damaged,Rainy,Daylight,Mechanical Failure,Serious
910,07-02-2023 21:00,Friday,Evening,Chennai,Bike,Snow,Clear,Daylight,Signal Jump,Fatal
911,07-02-2023 22:00,Monday,Night,Kolkata,Car,Damaged,Storm,Dark - Street Light,Overspeed,Serious
912,07-02-2023 23:00,Tuesday,Night,Hyderabad,Bike,Snow,Foggy,Daylight,Wrong Turn,Serious
913,08-02-2023 00:00,Monday,Afternoon,Chennai,Bike,Wet,Rainy,Dark - Street Light,Overspeed,Serious
914,08-02-2023 01:00,Wednesday,Night,Delhi,Truck,Dry,Foggy,Daylight,Signal Jump,Serious
915,08-02-2023 02:00,Sunday,Evening,Hyderabad,Cycle,Snow,Foggy,Dark - No Light,Overspeed,Fatal
916,08-02-2023 03:00,Monday,Morning,Hyderabad,Truck,Wet,Storm,Daylight,Overspeed,Fatal
917,08-02-2023 04:00,Friday,Morning,Chennai,Bike,Dry,Clear,Dark - No Light,Drunk Driving,Fatal
918,08-02-2023 05:00,Sunday,Morning,Delhi,Bike,Dry,Storm,Dark - No Light,Overspeed,Fatal
919,08-02-2023 06:00,Saturday,Afternoon,Mumbai,Bike,Snow,Clear,Dark - Street Light,Mechanical Failure,Minor
920,08-02-2023 07:00,Thursday,Night,Delhi,Auto,Dry,Foggy,Daylight,Wrong Turn,Serious
921,08-02-2023 08:00,Monday,Evening,Bangalore,Truck,Snow,Rainy,Dark - Street Light,Drunk Driving,Serious
922,08-02-2023 09:00,Friday,Night,Kolkata,Bike,Dry,Storm,Daylight,Wrong Turn,Serious
923,08-02-2023 10:00,Sunday,Night,Pune,Bus,Damaged,Clear,Dark - No Light,Wrong Turn,Minor
924,08-02-2023 11:00,Friday,Night,Mumbai,Cycle,Wet,Foggy,Dark - No Light,Signal Jump,Fatal
925,08-02-2023 12:00,Saturday,Morning,Hyderabad,Cycle,Damaged,Clear,Daylight,Signal Jump,Serious
926,08-02-2023 13:00,Wednesday,Evening,Mumbai,Bus,Snow,Clear,Daylight,Drunk Driving,Fatal
927,08-02-2023 14:00,Friday,Evening,Kolkata,Cycle,Damaged,Clear,Dark - Street Light,Signal Jump,Fatal
928,08-02-2023 15:00,Sunday,Night,Hyderabad,Auto,Snow,Foggy,Daylight,Signal Jump,Minor
929,08-02-2023 16:00,Friday,Morning,Kolkata,Auto,Dry,Rainy,Daylight,Signal Jump,Minor
930,08-02-2023 17:00,Friday,Morning,Hyderabad,Car,Dry,Rainy,Daylight,Wrong Turn,Fatal
931,08-02-2023 18:00,Friday,Evening,Mumbai,Car,Snow,Rainy,Dark - Street Light,Drunk Driving,Serious
932,08-02-2023 19:00,Tuesday,Morning,Hyderabad,Car,Damaged,Clear,Daylight,Wrong Turn,Serious
933,08-02-2023 20:00,Tuesday,Morning,Hyderabad,Cycle,Dry,Foggy,Dark - No Light,Mechanical Failure,Minor
934,08-02-2023 21:00,Wednesday,Morning,Bangalore,Auto,Wet,Clear,Dark - Street Light,Wrong Turn,Minor
935,08-02-2023 22:00,Monday,Afternoon,Delhi,Auto,Dry,Rainy,Dark - Street Light,Mechanical Failure,Minor
936,08-02-2023 23:00,Friday,Night,Delhi,Auto,Wet,Rainy,Dark - No Light,Overspeed,Minor
937,09-02-2023 00:00,Saturday,Evening,Pune,Bus,Damaged,Foggy,Dark - No Light,Overspeed,Minor
938,09-02-2023 01:00,Monday,Evening,Pune,Auto,Wet,Clear,Dark - No Light,Mechanical Failure,Minor
939,09-02-2023 02:00,Saturday,Afternoon,Bangalore,Bus,Wet,Storm,Daylight,Mechanical Failure,Minor
940,09-02-2023 03:00,Monday,Night,Pune,Car,Wet,Storm,Dark - No Light,Wrong Turn,Serious
941,09-02-2023 04:00,Wednesday,Evening,Kolkata,Car,Wet,Rainy,Daylight,Mechanical Failure,Minor
942,09-02-2023 05:00,Friday,Morning,Mumbai,Cycle,Dry,Foggy,Dark - Street Light,Drunk Driving,Minor
943,09-02-2023 06:00,Friday,Evening,Chennai,Car,Wet,Clear,Dark - Street Light,Overspeed,Serious
944,09-02-2023 07:00,Thursday,Morning,Kolkata,Cycle,Dry,Clear,Dark - No Light,Overspeed,Serious
945,09-02-2023 08:00,Saturday,Afternoon,Chennai,Bike,Wet,Rainy,Daylight,Mechanical Failure,Fatal
946,09-02-2023 09:00,Monday,Morning,Chennai,Bike,Snow,Rainy,Dark - No Light,Signal Jump,Minor
947,09-02-2023 10:00,Monday,Evening,Bangalore,Truck,Damaged,Clear,Dark - No Light,Signal Jump,Minor
948,09-02-2023 11:00,Tuesday,Evening,Kolkata,Cycle,Wet,Clear,Daylight,Mechanical Failure,Minor
949,09-02-2023 12:00,Thursday,Evening,Bangalore,Truck,Snow,Rainy,Dark - No Light,Drunk Driving,Minor
950,09-02-2023 13:00,Sunday,Afternoon,Hyderabad,Truck,Wet,Clear,Dark - Street Light,Signal Jump,Fatal
951,09-02-2023 14:00,Sunday,Afternoon,Chennai,Bike,Wet,Storm,Dark - No Light,Mechanical Failure,Serious
952,09-02-2023 15:00,Tuesday,Night,Mumbai,Cycle,Wet,Rainy,Daylight,Drunk Driving,Serious
953,09-02-2023 16:00,Tuesday,Evening,Pune,Bike,Snow,Clear,Daylight,Drunk Driving,Minor
954,09-02-2023 17:00,Tuesday,Morning,Mumbai,Truck,Damaged,Rainy,Dark - Street Light,Wrong Turn,Minor
955,09-02-2023 18:00,Saturday,Afternoon,Pune,Cycle,Snow,Foggy,Daylight,Drunk Driving,Minor
956,09-02-2023 19:00,Saturday,Evening,Chennai,Truck,Damaged,Rainy,Daylight,Signal Jump,Fatal
957,09-02-2023 20:00,Wednesday,Evening,Chennai,Auto,Wet,Rainy,Dark - Street Light,Signal Jump,Fatal
958,09-02-2023 21:00,Wednesday,Afternoon,Chennai,Cycle,Dry,Foggy,Dark - No Light,Mechanical Failure,Serious
959,09-02-2023 22:00,Tuesday,Night,Bangalore,Cycle,Wet,Storm,Dark - Street Light,Mechanical Failure,Minor
960,09-02-2023 23:00,Thursday,Afternoon,Kolkata,Truck,Damaged,Clear,Dark - No Light,Drunk Driving,Minor
961,10-02-2023 00:00,Monday,Afternoon,Pune,Auto,Snow,Foggy,Dark - Street Light,Overspeed,Minor
962,10-02-2023 01:00,Saturday,Morning,Kolkata,Bus,Wet,Rainy,Dark - No Light,Wrong Turn,Minor
963,10-02-2023 02:00,Thursday,Morning,Bangalore,Bike,Snow,Clear,Dark - Street Light,Overspeed,Fatal
964,10-02-2023 03:00,Friday,Night,Bangalore,Truck,Snow,Foggy,Dark - No Light,Drunk Driving,Serious
965,10-02-2023 04:00,Saturday,Evening,Delhi,Cycle,Snow,Clear,Dark - Street Light,Drunk Driving,Serious
966,10-02-2023 05:00,Saturday,Afternoon,Mumbai,Bike,Wet,Clear,Dark - No Light,Overspeed,Fatal
967,10-02-2023 06:00,Wednesday,Night,Mumbai,Bike,Snow,Foggy,Dark - Street Light,Wrong Turn,Minor
968,10-02-2023 07:00,Monday,Morning,Hyderabad,Bike,Snow,Clear,Daylight,Overspeed,Serious
969,10-02-2023 08:00,Monday,Afternoon,Bangalore,Bus,Wet,Storm,Dark - No Light,Mechanical Failure,Serious
970,10-02-2023 09:00,Sunday,Evening,Pune,Car,Snow,Foggy,Dark - Street Light,Signal Jump,Fatal
971,10-02-2023 10:00,Sunday,Morning,Delhi,Truck,Wet,Storm,Dark - No Light,Mechanical Failure,Minor
972,10-02-2023 11:00,Sunday,Morning,Delhi,Car,Damaged,Rainy,Dark - No Light,Signal Jump,Serious
973,10-02-2023 12:00,Sunday,Morning,Kolkata,Car,Damaged,Clear,Dark - Street Light,Drunk Driving,Minor
974,10-02-2023 13:00,Friday,Night,Mumbai,Car,Damaged,Rainy,Dark - No Light,Wrong Turn,Serious
975,10-02-2023 14:00,Friday,Evening,Bangalore,Bike,Snow,Rainy,Dark - Street Light,Overspeed,Fatal
976,10-02-2023 15:00,Saturday,Afternoon,Hyderabad,Auto,Dry,Clear,Daylight,Wrong Turn,Minor
977,10-02-2023 16:00,Tuesday,Night,Bangalore,Bike,Dry,Foggy,Dark - No Light,Overspeed,Fatal
978,10-02-2023 17:00,Wednesday,Night,Kolkata,Bike,Snow,Clear,Daylight,Mechanical Failure,Serious
979,10-02-2023 18:00,Wednesday,Night,Chennai,Cycle,Dry,Rainy,Dark - No Light,Mechanical Failure,Fatal
980,10-02-2023 19:00,Sunday,Morning,Bangalore,Cycle,Wet,Rainy,Dark - No Light,Overspeed,Fatal
981,10-02-2023 20:00,Saturday,Evening,Kolkata,Car,Dry,Foggy,Dark - No Light,Wrong Turn,Fatal
982,10-02-2023 21:00,Thursday,Night,Chennai,Bike,Snow,Clear,Dark - Street Light,Overspeed,Serious
983,10-02-2023 22:00,Tuesday,Afternoon,Chennai,Car,Snow,Rainy,Daylight,Drunk Driving,Minor
984,10-02-2023 23:00,Saturday,Evening,Hyderabad,Cycle,Wet,Storm,Dark - No Light,Mechanical Failure,Fatal
985,11-02-2023 00:00,Tuesday,Afternoon,Pune,Auto,Damaged,Rainy,Dark - Street Light,Drunk Driving,Minor
986,11-02-2023 01:00,Tuesday,Evening,Mumbai,Truck,Snow,Rainy,Dark - No Light,Mechanical Failure,Serious
987,11-02-2023 02:00,Tuesday,Afternoon,Bangalore,Car,Wet,Foggy,Dark - Street Light,Mechanical Failure,Minor
988,11-02-2023 03:00,Saturday,Morning,Chennai,Auto,Dry,Storm,Dark - No Light,Signal Jump,Fatal
989,11-02-2023 04:00,Sunday,Night,Bangalore,Truck,Dry,Rainy,Daylight,Drunk Driving,Fatal
990,11-02-2023 05:00,Wednesday,Afternoon,Pune,Bus,Wet,Rainy,Daylight,Drunk Driving,Fatal
991,11-02-2023 06:00,Wednesday,Evening,Mumbai,Car,Wet,Storm,Dark - No Light,Signal Jump,Fatal
992,11-02-2023 07:00,Sunday,Night,Pune,Car,Snow,Clear,Dark - Street Light,Wrong Turn,Fatal
993,11-02-2023 08:00,Tuesday,Night,Mumbai,Bus,Dry,Clear,Dark - No Light,Drunk Driving,Fatal
994,11-02-2023 09:00,Thursday,Evening,Delhi,Bus,Wet,Rainy,Dark - Street Light,Overspeed,Serious
995,11-02-2023 10:00,Monday,Afternoon,Mumbai,Car,Dry,Rainy,Dark - No Light,Signal Jump,Serious
996,11-02-2023 11:00,Saturday,Morning,Hyderabad,Bus,Wet,Clear,Dark - Street Light,Drunk Driving,Serious
997,11-02-2023 12:00,Monday,Morning,Pune,Bike,Dry,Foggy,Daylight,Wrong Turn,Minor
998,11-02-2023 13:00,Sunday,Afternoon,Chennai,Truck,Damaged,Storm,Dark - No Light,Drunk Driving,Minor
999,11-02-2023 14:00,Thursday,Night,Delhi,Truck,Snow,Storm,Daylight,Mechanical Failure,Serious
1000,11-02-2023 15:00,Saturday,Night,Hyderabad,Truck,Dry,Foggy,Daylight,Overspeed,Minor
1001,11-02-2023 16:00,Sunday,Night,Bangalore,Bike,Damaged,Foggy,Dark - No Light,Signal Jump,Minor
1002,11-02-2023 17:00,Tuesday,Night,Pune,Bus,Dry,Foggy,Dark - No Light,Mechanical Failure,Fatal