Accident_ID,Date,Day_of_Week,Time,City,Vehicle_Type,Road_Condition,Weather,Light_Condition,Cause,Accident_Severity
1003,11-02-2023 18:00,Wednesday,Afternoon,Kolkata,Auto,Dry,Foggy,Dark - Street Light,Wrong Turn,Fatal
1004,11-02-2023 19:00,Monday,Night,Kolkata,Bus,Damaged,Foggy,Dark - Street Light,Mechanical Failure,Minor
1005,11-02-2023 20:00,Friday,Evening,Chennai,Car,Dry,Foggy,Daylight,Mechanical Failure,Minor
1006,11-02-2023 21:00,Friday,Night,Mumbai,Cycle,Dry,Storm,Dark - Street Light,Wrong Turn,Serious
1007,11-02-2023 22:00,Thursday,Morning,Chennai,Truck,Snow,Foggy,Dark - Street Light,Mechanical Failure,Minor
1008,11-02-2023 23:00,Tuesday,Night,Kolkata,Bus,Damaged,Clear,Dark - No Light,Signal Jump,Fatal
1009,12-02-2023 00:00,Monday,Afternoon,Bangalore,Auto,Damaged,Foggy,Dark - Street Light,Drunk Driving,Minor
1010,12-02-2023 01:00,Tuesday,Morning,Delhi,Car,Wet,Foggy,Daylight,Mechanical Failure,Serious
1011,12-02-2023 02:00,Monday,Afternoon,Delhi,Bike,Dry,Storm,Dark - Street Light,Signal Jump,Fatal
1012,12-02-2023 03:00,Thursday,Afternoon,Pune,Bike,Snow,Storm,Daylight,Drunk Driving,Fatal
1013,12-02-2023 04:00,Thursday,Morning,Delhi,Auto,Dry,Foggy,Dark - No Light,Drunk Driving,Fatal
1014,12-02-2023 05:00,Friday,Afternoon,Pune,Car,Dry,Storm,Daylight,Mechanical Failure,Fatal
1015,12-02-2023 06:00,Tuesday,Afternoon,Pune,Truck,Wet,Rainy,Dark - Street Light,Signal Jump,Minor
1016,12-02-2023 07:00,Saturday,Night,Pune,Bus,Dry,Storm,Dark - No Light,Mechanical Failure,Serious
1017,12-02-2023 08:00,Friday,Evening,Kolkata,Car,Snow,Storm,Dark - Street Light,Wrong Turn,Minor
1018,12-02-2023 09:00,Tuesday,Afternoon,Kolkata,Bike,Snow,Storm,Dark - No Light,Drunk Driving,Minor
1019,12-02-2023 10:00,Friday,Afternoon,Mumbai,Auto,Wet,Storm,Dark - No Light,Mechanical Failure,Fatal
1020,12-02-2023 11:00,Saturday,Afternoon,Hyderabad,Auto,Dry,Clear,Dark - Street Light,Drunk Driving,Serious
1021,12-02-2023 12:00,Wednesday,Night,Pune,Bus,Snow,Clear,Dark - Street Light,Signal Jump,Fatal
1022,12-02-2023 13:00,Wednesday,Evening,Pune,Auto,Dry,Clear,Dark - No Light,Overspeed,Minor
1023,12-02-2023 14:00,Wednesday,Morning,Hyderabad,Auto,Dry,Foggy,Dark - No Light,Mechanical Failure,Minor
1024,12-02-2023 15:00,Wednesday,Night,Chennai,Car,Dry,Foggy,Dark - Street Light,Mechanical Failure,Fatal
1025,12-02-2023 16:00,Sunday,Night,Pune,Truck,Wet,Rainy,Daylight,Drunk Driving,Minor
1026,12-02-2023 17:00,Monday,Evening,Mumbai,Bus,Dry,Clear,Dark - Street Light,Signal Jump,Minor
1027,12-02-2023 18:00,Sunday,Evening,Delhi,Car,Snow,Foggy,Dark - No Light,Wrong Turn,Fatal
1028,12-02-2023 19:00,Sunday,Night,Delhi,Truck,Dry,Storm,Dark - Street Light,Signal Jump,Minor
1029,12-02-2023 20:00,Sunday,Morning,Bangalore,Car,Snow,Storm,Daylight,Mechanical Failure,Serious
1030,12-02-2023 21:00,Wednesday,Night,Bangalore,Cycle,Dry,Clear,Dark - Street Light,Wrong Turn,Fatal
1031,12-02-2023 22:00,Saturday,Evening,Delhi,Car,Snow,Rainy,Dark - No Light,Signal Jump,Serious
1032,12-02-2023 23:00,Thursday,Morning,Delhi,Auto,Snow,Rainy,Dark - Street Light,Overspeed,Minor
1033,13-02-2023 00:00,Thursday,Evening,Kolkata,Truck,Dry,Storm,Dark - No Light,Drunk Driving,Minor
1034,13-02-2023 01:00,Monday,Morning,Mumbai,Bus,Dry,Rainy,Dark - No Light,Signal Jump,Fatal
1035,13-02-2023 02:00,Wednesday,Afternoon,Hyderabad,Bus,Snow,Clear,Dark - Street Light,Signal Jump,Minor
1036,13-02-2023 03:00,Wednesday,Evening,Bangalore,Truck,Damaged,Storm,Dark - No Light,Overspeed,Fatal
1037,13-02-2023 04:00,Wednesday,Evening,Kolkata,Auto,Wet,Foggy,Dark - No Light,Mechanical Failure,Fatal
1038,13-02-2023 05:00,Friday,Night,Kolkata,Bike,Damaged,Foggy,Daylight,Drunk Driving,Fatal
1039,13-02-2023 06:00,Tuesday,Evening,Hyderabad,Car,Damaged,Rainy,Daylight,Signal Jump,Fatal
1040,13-02-2023 07:00,Friday,Evening,Kolkata,Auto,Dry,Storm,Daylight,Wrong Turn,Fatal
1041,13-02-2023 08:00,Tuesday,Afternoon,Mumbai,Cycle,Wet,Storm,Daylight,Signal Jump,Serious
1042,13-02-2023 09:00,Wednesday,Evening,Delhi,Truck,Damaged,Foggy,Dark - No Light,Drunk Driving,Fatal
1043,13-02-2023 10:00,Wednesday,Afternoon,Pune,Car,Dry,Storm,Dark - Street Light,Signal Jump,Serious
1044,13-02-2023 11:00,Friday,Afternoon,Hyderabad,Bus,Damaged,Storm,Dark - No Light,Overspeed,Minor
1045,13-02-2023 12:00,Friday,Afternoon,Delhi,Bike,Damaged,Storm,Dark - No Light,Signal Jump,Fatal
1046,13-02-2023 13:00,Tuesday,Afternoon,Delhi,Cycle,Dry,Rainy,Dark - No Light,Signal Jump,Minor
1047,13-02-2023 14:00,Thursday,Morning,Chennai,Bus,Dry,Storm,Dark - Street Light,Wrong Turn,Fatal
1048,13-02-2023 15:00,Tuesday,Night,Hyderabad,Truck,Dry,Clear,Daylight,Overspeed,Serious
1049,13-02-2023 16:00,Friday,Morning,Kolkata,Car,Wet,Rainy,Dark - No Light,Overspeed,Serious
1050,13-02-2023 17:00,Saturday,Evening,Pune,Truck,Damaged,Storm,Dark - No Light,Signal Jump,Serious
1051,13-02-2023 18:00,Friday,Morning,Hyderabad,Car,Dry,Storm,Daylight,Wrong Turn,Minor
1052,13-02-2023 19:00,Saturday,Morning,Kolkata,Auto,Snow,Clear,Dark - No Light,Signal Jump,Fatal
1053,13-02-2023 20:00,Monday,Evening,Delhi,Bike,Damaged,Rainy,Dark - Street Light,Signal Jump,Minor
1054,13-02-2023 21:00,Friday,Evening,Pune,Auto,Snow,Foggy,Dark - No Light,Drunk Driving,Serious
1055,13-02-2023 22:00,Monday,Evening,Kolkata,Auto,Wet,Foggy,Dark - No Light,Drunk Driving,Minor
1056,13-02-2023 23:00,Thursday,Morning,Mumbai,Truck,Dry,Rainy,Daylight,Wrong Turn,Serious
1057,14-02-2023 00:00,Tuesday,Morning,Kolkata,Bike,Snow,Storm,Dark - No Light,Mechanical Failure,Serious
1058,14-02-2023 01:00,Saturday,Evening,Chennai,Car,Wet,Storm,Dark - No Light,Drunk Driving,Serious
1059,14-02-2023 02:00,Tuesday,Night,Delhi,Car,Dry,Foggy,Dark - Street Light,Mechanical Failure,Fatal
1060,14-02-2023 03:00,Monday,Night,Kolkata,Cycle,Snow,Foggy,Daylight,Overspeed,Fatal
1061,14-02-2023 04:00,Saturday,Afternoon,Bangalore,Bus,Snow,Foggy,Daylight,Drunk Driving,Serious
1062,14-02-2023 05:00,Tuesday,Evening,Bangalore,Cycle,Wet,Clear,Dark - Street Light,Drunk Driving,Minor
1063,14-02-2023 06:00,Friday,Afternoon,Chennai,Cycle,Dry,Foggy,Dark - No Light,Wrong Turn,Minor
1064,14-02-2023 07:00,Wednesday,Night,Mumbai,Car,Dry,Clear,Daylight,Mechanical Failure,Fatal
1065,14-02-2023 08:00,Monday,Afternoon,Delhi,Truck,Snow,Rainy,Daylight,Drunk Driving,Serious
1066,14-02-2023 09:00,Tuesday,Evening,Hyderabad,Auto,Snow,Storm,Dark - No Light,Drunk Driving,Minor
1067,14-02-2023 10:00,Monday,Evening,Chennai,Auto,Snow,Foggy,Dark - No Light,Wrong Turn,Serious
1068,14-02-2023 11:00,Sunday,Evening,Mumbai,Auto,Dry,Storm,Daylight,Wrong Turn,Minor
1069,14-02-2023 12:00,Monday,Morning,Hyderabad,Bike,Wet,Storm,Dark - No Light,Mechanical Failure,Fatal
1070,14-02-2023 13:00,Saturday,Afternoon,Bangalore,Car,Wet,Foggy,Daylight,Overspeed,Serious
1071,14-02-2023 14:00,Sunday,Night,Bangalore,Truck,Dry,Foggy,Dark - No Light,Overspeed,Serious
1072,14-02-2023 15:00,Saturday,Night,Hyderabad,Bike,Damaged,Rainy,Dark - No Light,Signal Jump,Minor
1073,14-02-2023 16:00,Wednesday,Night,Chennai,Bus,Wet,Clear,Dark - Street Light,Drunk Driving,Minor
1074,14-02-2023 17:00,Sunday,Morning,Bangalore,Truck,Snow,Clear,Dark - No Light,Mechanical Failure,Minor
1075,14-02-2023 18:00,Friday,Morning,Delhi,Cycle,Damaged,Storm,Dark - Street Light,Drunk Driving,Serious
1076,14-02-2023 19:00,Monday,Evening,Pune,Truck,Damaged,Foggy,Dark - No Light,Mechanical Failure,Fatal
1077,14-02-2023 20:00,Tuesday,Night,Kolkata,Truck,Wet,Rainy,Daylight,Mechanical Failure,Fatal
1078,14-02-2023 21:00,Thursday,Morning,Hyderabad,Auto,Damaged,Rainy,Daylight,Mechanical Failure,Minor
1079,14-02-2023 22:00,Monday,Evening,Hyderabad,Truck,Damaged,Rainy,Dark - No Light,Drunk Driving,Fatal
1080,14-02-2023 23:00,Monday,Night,Bangalore,Cycle,Wet,Rainy,Dark - No Light,Wrong Turn,Minor
1081,15-02-2023 00:00,Wednesday,Afternoon,Chennai,Cycle,Wet,Rainy,Daylight,Drunk Driving,Fatal
1082,15-02-2023 01:00,Friday,Evening,Delhi,Car,Damaged,Clear,Dark - No Light,Mechanical Failure,Serious
1083,15-02-2023 02:00,Thursday,Morning,Chennai,Truck,Snow,Clear,Dark - Street Light,Signal Jump,Minor
1084,15-02-2023 03:00,Sunday,Morning,Mumbai,Auto,Dry,Clear,Dark - Street Light,Overspeed,Fatal
1085,15-02-2023 04:00,Sunday,Evening,Mumbai,Truck,Damaged,Foggy,Dark - Street Light,Mechanical Failure,Serious
1086,15-02-2023 05:00,Sunday,Evening,Pune,Bus,Damaged,Storm,Dark - Street Light,Signal Jump,Fatal
1087,15-02-2023 06:00,Saturday,Morning,Bangalore,Bus,Snow,Rainy,Dark - Street Light,Wrong Turn,Serious
1088,15-02-2023 07:00,Saturday,Afternoon,Bangalore,Auto,Damaged,Foggy,Dark - No Light,Mechanical Failure,Serious
1089,15-02-2023 08:00,Tuesday,Night,Bangalore,Car,Damaged,Rainy,Dark - No Light,Signal Jump,Fatal
1090,15-02-2023 09:00,Thursday,Afternoon,Pune,Car,Dry,Clear,Dark - Street Light,Mechanical Failure,Fatal
1091,15-02-2023 10:00,Sunday,Evening,Mumbai,Cycle,Dry,Foggy,Dark - No Light,Drunk Driving,Serious
1092,15-02-2023 11:00,Saturday,Afternoon,Chennai,Cycle,Dry,Clear,Dark - No Light,Signal Jump,Serious
1093,15-02-2023 12:00,Tuesday,Morning,Pune,Bike,Wet,Rainy,Dark - Street Light,Drunk Driving,Serious
1094,15-02-2023 13:00,Friday,Evening,Pune,Auto,Wet,Rainy,Dark - No Light,Drunk Driving,Minor
1095,15-02-2023 14:00,Tuesday,Night,Chennai,Truck,Dry,Storm,Dark - No Light,Signal Jump,Serious
1096,15-02-2023 15:00,Saturday,Morning,Bangalore,Auto,Dry,Rainy,Dark - No Light,Overspeed,Minor
1097,15-02-2023 16:00,Wednesday,Morning,Delhi,Bike,Wet,Clear,Dark - Street Light,Signal Jump,Serious
1098,15-02-2023 17:00,Wednesday,Night,Chennai,Cycle,Snow,Rainy,Dark - No Light,Overspeed,Minor
1099,15-02-2023 18:00,Sunday,Night,Mumbai,Auto,Damaged,Storm,Daylight,Mechanical Failure,Serious
1100,15-02-2023 19:00,Wednesday,Afternoon,Hyderabad,Auto,Damaged,Storm,Daylight,Mechanical Failure,Serious
1101,15-02-2023 20:00,Sunday,Evening,Hyderabad,Cycle,Dry,Clear,Dark - Street Light,Signal Jump,Serious
1102,15-02-2023 21:00,Sunday,Night,Kolkata,Bike,Snow,Foggy,Daylight,Mechanical Failure,Fatal
1103,15-02-2023 22:00,Saturday,Night,Kolkata,Cycle,Wet,Rainy,Dark - Street Light,Wrong Turn,Fatal
1104,15-02-2023 23:00,Wednesday,Evening,Pune,Car,Dry,Storm,Daylight,Drunk Driving,Serious
1105,16-02-2023 00:00,Sunday,Night,Hyderabad,Truck,Snow,Rainy,Daylight,Drunk Driving,Minor
1106,16-02-2023 01:00,Thursday,Night,Delhi,Cycle,Snow,Rainy,Daylight,Overspeed,Minor
1107,16-02-2023 02:00,Friday,Afternoon,Bangalore,Bike,Snow,Foggy,Dark - Street Light,Mechanical Failure,Serious
1108,16-02-2023 03:00,Tuesday,Morning,Mumbai,Bus,Wet,Storm,Dark - Street Light,Overspeed,Fatal
1109,16-02-2023 04:00,Tuesday,Morning,Kolkata,Car,Wet,Rainy,Dark - No Light,Drunk Driving,Minor
1110,16-02-2023 05:00,Saturday,Morning,Delhi,Bus,Damaged,Storm,Dark - Street Light,Drunk Driving,Fatal
1111,16-02-2023 06:00,Wednesday,Morning,Mumbai,Cycle,Damaged,Clear,Daylight,Mechanical Failure,Minor
1112,16-02-2023 07:00,Wednesday,Night,Mumbai,Car,Snow,Clear,Daylight,Wrong Turn,Serious
1113,16-02-2023 08:00,Sunday,Evening,Bangalore,Truck,Snow,Rainy,Dark - Street Light,Wrong Turn,Fatal
1114,16-02-2023 09:00,Monday,Evening,Pune,Cycle,Wet,Storm,Dark - Street Light,Mechanical Failure,Minor
1115,16-02-2023 10:00,Sunday,Afternoon,Hyderabad,Truck,Damaged,Rainy,Dark - Street Light,Mechanical Failure,Serious
1116,16-02-2023 11:00,Friday,Afternoon,Bangalore,Auto,Snow,Storm,Dark - No Light,Overspeed,Serious
1117,16-02-2023 12:00,Thursday,Night,Delhi,Bus,Damaged,Storm,Daylight,Mechanical Failure,Serious
1118,16-02-2023 13:00,Tuesday,Evening,Pune,Car,Damaged,Foggy,Dark - No Light,Wrong Turn,Fatal
1119,16-02-2023 14:00,Sunday,Evening,Delhi,Truck,Snow,Foggy,Dark - No Light,Mechanical Failure,Fatal
1120,16-02-2023 15:00,Monday,Morning,Pune,Bike,Wet,Foggy,Daylight,Overspeed,Serious
1121,16-02-2023 16:00,Monday,Night,Kolkata,Truck,Snow,Rainy,Daylight,Overspeed,Fatal
1122,16-02-2023 17:00,Sunday,Night,Delhi,Bike,Snow,Foggy,Dark - Street Light,Overspeed,Minor
1123,16-02-2023 18:00,Saturday,Morning,Bangalore,Cycle,Damaged,Foggy,Dark - Street Light,Overspeed,Serious
1124,16-02-2023 19:00,Tuesday,Night,Pune,Car,Snow,Clear,Dark - No Light,Signal Jump,Serious
1125,16-02-2023 20:00,Saturday,Night,Pune,Truck,Wet,Storm,Dark - Street Light,Mechanical Failure,Fatal
1126,16-02-2023 21:00,Thursday,Afternoon,Mumbai,Truck,Snow,Storm,Dark - Street Light,Drunk Driving,Serious
1127,16-02-2023 22:00,Monday,Evening,Mumbai,Car,Wet,Foggy,Daylight,Mechanical Failure,Minor
1128,16-02-2023 23:00,Monday,Night,Chennai,Truck,Wet,Storm,Daylight,Signal Jump,Fatal
1129,17-02-2023 00:00,Friday,Afternoon,Delhi,Bike,Damaged,Clear,Dark - Street Light,Overspeed,Fatal
1130,17-02-2023 01:00,Thursday,Evening,Mumbai,Truck,Dry,Clear,Daylight,Signal Jump,Serious
1131,17-02-2023 02:00,Monday,Morning,Chennai,Bus,Dry,Foggy,Dark - Street Light,Wrong Turn,Serious
1132,17-02-2023 03:00,Thursday,Afternoon,Kolkata,Cycle,Damaged,Clear,Daylight,Wrong Turn,Serious
1133,17-02-2023 04:00,Tuesday,Afternoon,Kolkata,Auto,Snow,Storm,Daylight,Mechanical Failure,Fatal
1134,17-02-2023 05:00,Wednesday,Evening,Mumbai,Bike,Damaged,Rainy,Daylight,Mechanical Failure,Serious
1135,17-02-2023 06:00,Monday,Morning,Delhi,Bus,Wet,Storm,Daylight,Drunk Driving,Minor
1136,17-02-2023 07:00,Friday,Afternoon,Pune,Cycle,Dry,Rainy,Dark - Street Light,Drunk Driving,Serious
1137,17-02-2023 08:00,Tuesday,Night,Hyderabad,Car,Damaged,Foggy,Dark - No Light,Wrong Turn,Serious
1138,17-02-2023 09:00,Sunday,Night,Delhi,Bike,Snow,Rainy,Daylight,Overspeed,Fatal
1139,17-02-2023 10:00,Thursday,Night,Bangalore,Auto,Damaged,Clear,Dark - Street Light,Signal Jump,Serious
1140,17-02-2023 11:00,Sunday,Morning,Kolkata,Cycle,Dry,Storm,Dark - Street Light,Drunk Driving,Fatal
1141,17-02-2023 12:00,Saturday,Afternoon,Mumbai,Auto,Damaged,Rainy,Daylight,Drunk Driving,Serious
1142,17-02-2023 13:00,Tuesday,Night,Mumbai,Car,Damaged,Storm,Dark - No Light,Overspeed,Minor
1143,17-02-2023 14:00,Sunday,Morning,Pune,Car,Dry,Foggy,Daylight,Overspeed,Minor
1144,17-02-2023 15:00,Monday,Night,Bangalore,Bike,Wet,Foggy,Dark - Street Light,Mechanical Failure,Fatal
1145,17-02-2023 16:00,Thursday,Evening,Pune,Truck,Wet,Clear,Dark - No Light,Signal Jump,Fatal
1146,17-02-2023 17:00,Wednesday,Afternoon,Bangalore,Car,Dry,Foggy,Dark - Street Light,Overspeed,Serious
1147,17-02-2023 18:00,Tuesday,Afternoon,Hyderabad,Cycle,Damaged,Rainy,Daylight,Drunk Driving,Serious
1148,17-02-2023 19:00,Monday,Morning,Kolkata,Truck,Dry,Foggy,Dark - No Light,Drunk Driving,Minor
1149,17-02-2023 20:00,Friday,Morning,Mumbai,Bus,Wet,Clear,Dark - Street Light,Wrong Turn,Serious
1150,17-02-2023 21:00,Saturday,Afternoon,Mumbai,Auto,Snow,Storm,Dark - Street Light,Overspeed,Minor
1151,17-02-2023 22:00,Thursday,Night,Hyderabad,Truck,Damaged,Storm,Dark - Street Light,Mechanical Failure,Fatal
1152,17-02-2023 23:00,Tuesday,Night,Chennai,Auto,Wet,Foggy,Daylight,Signal Jump,Serious
1153,18-02-2023 00:00,Tuesday,Evening,Kolkata,Truck,Damaged,Rainy,Dark - No Light,Mechanical Failure,Fatal
1154,18-02-2023 01:00,Wednesday,Night,Pune,Bus,Dry,Clear,Daylight,Drunk Driving,Serious
1155,18-02-2023 02:00,Wednesday,Morning,Hyderabad,Car,Snow,Rainy,Daylight,Mechanical Failure,Minor
1156,18-02-2023 03:00,Friday,Morning,Pune,Bus,Dry,Clear,Daylight,Drunk Driving,Fatal
1157,18-02-2023 04:00,Saturday,Night,Delhi,Car,Snow,Foggy,Dark - No Light,Drunk Driving,Fatal
1158,18-02-2023 05:00,Friday,Morning,Mumbai,Car,Damaged,Clear,Daylight,Drunk Driving,Serious
1159,18-02-2023 06:00,Monday,Afternoon,Pune,Auto,Damaged,Clear,Daylight,Drunk Driving,Fatal
1160,18-02-2023 07:00,Monday,Afternoon,Bangalore,Cycle,Dry,Foggy,Daylight,Drunk Driving,Minor
1161,18-02-2023 08:00,Friday,Night,Pune,Bus,Snow,Rainy,Daylight,Wrong Turn,Fatal
1162,18-02-2023 09:00,Saturday,Afternoon,Delhi,Truck,Snow,Foggy,Dark - Street Light,Mechanical Failure,Fatal
1163,18-02-2023 10:00,Friday,Afternoon,Kolkata,Bus,Damaged,Clear,Daylight,Wrong Turn,Serious
1164,18-02-2023 11:00,Saturday,Evening,Mumbai,Auto,Dry,Foggy,Dark - Street Light,Wrong Turn,Fatal
1165,18-02-2023 12:00,Saturday,Evening,Hyderabad,Car,Snow,Clear,Daylight,Overspeed,Serious
1166,18-02-2023 13:00,Sunday,Afternoon,Delhi,Auto,Damaged,Foggy,Dark - No Light,Overspeed,Serious
1167,18-02-2023 14:00,Thursday,Night,Mumbai,Bike,Wet,Storm,Dark - Street Light,Overspeed,Fatal
1168,18-02-2023 15:00,Saturday,Evening,Pune,Bike,Dry,Storm,Dark - Street Light,Signal Jump,Minor
1169,18-02-2023 16:00,Wednesday,Morning,Kolkata,Truck,Wet,Foggy,Dark - Street Light,Overspeed,Serious
1170,18-02-2023 17:00,Saturday,Morning,Chennai,Auto,Dry,Rainy,Dark - Street Light,Mechanical Failure,Fatal
1171,18-02-2023 18:00,Saturday,Morning,Kolkata,Truck,Damaged,Clear,Dark - No Light,Wrong Turn,Serious
1172,18-02-2023 19:00,Saturday,Night,Chennai,Truck,Snow,Storm,Daylight,Mechanical Failure,Minor
1173,18-02-2023 20:00,Sunday,Afternoon,Bangalore,Bike,Snow,Rainy,Dark - Street Light,Overspeed,Minor
1174,18-02-2023 21:00,Sunday,Morning,Kolkata,Truck,Snow,Clear,Dark - No Light,Signal Jump,Serious
1175,18-02-2023 22:00,Monday,Night,Mumbai,Bike,Dry,Storm,Dark - Street Light,Signal Jump,Minor
1176,18-02-2023 23:00,Sunday,Evening,Chennai,Car,Damaged,Storm,Daylight,Wrong Turn,Fatal
1177,19-02-2023 00:00,Wednesday,Afternoon,Hyderabad,Auto,Wet,Foggy,Dark - Street Light,Mechanical Failure,Fatal
1178,19-02-2023 01:00,Wednesday,Evening,Mumbai,Truck,Damaged,Clear,Dark - No Light,Drunk Driving,Serious
1179,19-02-2023 02:00,Sunday,Night,Hyderabad,Bike,Wet,Rainy,Daylight,Mechanical Failure,Minor
1180,19-02-2023 03:00,Friday,Morning,Kolkata,Bus,Dry,Rainy,Dark - No Light,Overspeed,Fatal
1181,19-02-2023 04:00,Thursday,Morning,Hyderabad,Truck,Dry,Rainy,Daylight,Drunk Driving,Fatal
1182,19-02-2023 05:00,Sunday,Night,Chennai,Cycle,Wet,Clear,Daylight,Signal Jump,Fatal
1183,19-02-2023 06:00,Saturday,Morning,Mumbai,Car,Wet,Rainy,Daylight,Wrong Turn,Serious
1184,19-02-2023 07:00,Tuesday,Afternoon,Pune,Car,Wet,Rainy,Dark - Street Light,Wrong Turn,Serious
1185,19-02-2023 08:00,Thursday,Night,Delhi,Bus,Damaged,Rainy,Dark - No Light,Signal Jump,Fatal
1186,19-02-2023 09:00,Thursday,Evening,Chennai,Bike,Wet,Foggy,Dark - No Light,Overspeed,Fatal
1187,19-02-2023 10:00,Wednesday,Night,Chennai,Truck,Dry,Foggy,Dark - No Light,Signal Jump,Minor
1188,19-02-2023 11:00,Thursday,Afternoon,Pune,Bike,Dry,Clear,Daylight,Overspeed,Minor
1189,19-02-2023 12:00,Sunday,Afternoon,Mumbai,Car,Snow,Clear,Dark - Street Light,Drunk Driving,Minor
1190,19-02-2023 13:00,Saturday,Night,Mumbai,Bike,Wet,Rainy,Daylight,Signal Jump,Serious
1191,19-02-2023 14:00,Saturday,Night,Kolkata,Car,Damaged,Foggy,Dark - No Light,Overspeed,Fatal
1192,19-02-2023 15:00,Monday,Morning,Hyderabad,Bike,Damaged,Storm,Dark - Street Light,Drunk Driving,Serious
1193,19-02-2023 16:00,Saturday,Afternoon,Kolkata,Bus,Damaged,Storm,Dark - Street Light,Signal Jump,Fatal
1194,19-02-2023 17:00,Saturday,Night,Pune,Auto,Snow,Rainy,Dark - Street Light,Wrong Turn,Minor
1195,19-02-2023 18:00,Wednesday,Night,Kolkata,Bus,Dry,Rainy,Dark - No Light,Signal Jump,Minor
1196,19-02-2023 19:00,Saturday,Afternoon,Pune,Bus,Damaged,Foggy,Dark - Street Light,Mechanical Failure,Minor
1197,19-02-2023 20:00,Monday,Night,Mumbai,Auto,Dry,Foggy,Dark - Street Light,Signal Jump,Minor
1198,19-02-2023 21:00,Tuesday,Morning,Hyderabad,Auto,Snow,Foggy,Daylight,Mechanical Failure,Fatal
1199,19-02-2023 22:00,Sunday,Afternoon,Kolkata,Truck,Wet,Clear,Daylight,Drunk Driving,Minor
1200,19-02-2023 23:00,Wednesday,Morning,Chennai,Truck,Wet,Clear,Dark - Street Light,Signal Jump,Fatal